Workbook
Name Print_Area: EMBALADO!$A$1:$P$94
Name Print_Area: 'VOLCADO '!$A$1:$H$486

Sheet VOLCADO 
A1: CODIGO | B1: TURNO | C1: FECHA | D1: FECHA DE COSECHA | E1: DESTINO | F1: UP | G1: COLOR | H1: CANTIDAD | I1: Produtor | J1: Finca | L1: kg | Q1: Yaquilo
A2: 1-5V | B2: 1 | C2: 46106 | D2: 46097 | E2: NO UE | F2: 0290-003 | G2: A | H2: 29 | I2: Agricola Mares SA | J2: Claudia | P2: 53-3V | Q2: El Trece | R2: Yaquilo | S2: 1 | T2: A | U2: UE
A3: 1-2V | B3: 1 | C3: 46106 | D3: 46097 | E3: NO UE | F3: 0290-003 | G3: A | H3: 40 | I3: Agricola Mares SA | J3: Claudia | P3: 53-5VO | Q3: El 20 | R3: El Trece | S3: 2 | T3: PC | U3: USA
A4: 1-7V | B4: 1 | C4: 46106 | D4: 46097 | E4: NO UE | F4: 0290-003 | G4: A | H4: 20 | I4: Agricola Mares SA | J4: Claudia | P4: 54-11P | Q4: El Tata | R4: El 20 | T4: PC | U4: NO UE
A5: 1-1V | B5: 1 | C5: 46106 | D5: 46097 | E5: NO UE | F5: 0290-003 | G5: A | H5: 30 | I5: Agricola Mares SA | J5: Claudia | P5: 56-7VO | Q5: Limonares | R5: El Tata | T5: VC
A6: 3-2V | B6: 1 | C6: 46106 | D6: 46098 | E6: NO UE | F6: 0290-003 | G6: A | H6: 5 | I6: Agricola Mares SA | J6: Claudia | P6: 59-1VC | Q6: Los Chicos | R6: Limonares | T6: V
A7: 1-9P | B7: 1 | C7: 46106 | D7: 46097 | E7: NO UE | F7: 0290-003 | G7: A | H7: 10 | I7: Agricola Mares SA | J7: Claudia | P7: 59-2V | Q7: Antamapu | R7: Los Chicos | T7: VO
A8: 1-3P | B8: 1 | C8: 46106 | D8: 46097 | E8: NO UE | F8: 0290-003 | G8: A | H8: 29 | I8: Agricola Mares SA | J8: Claudia | P8: 59-3VO | Q8: Claudia | R8: Antamapu | V8: Agricola Mares
A9: 1-4V | B9: 1 | C9: 46107 | D9: 46097 | E9: NO UE | F9: 0290-003 | G9: A | H9: 34 | I9: Agricola Mares SA | J9: Claudia | P9: 60-2V | Q9: Avellaneda | R9: Claudia | V9: Fruit Crop
A10: 3-3V | B10: 1 | C10: 46107 | D10: 46098 | E10: NO UE | F10: 0290-003 | G10: A | H10: 30 | I10: Agricola Mares SA | J10: Claudia | P10: 60-3V | Q10: Maria del Rosario | R10: Avellaneda | V10: Greyco
A11: 3-1P | B11: 1 | C11: 46107 | D11: 46098 | E11: NO UE | F11: 0290-003 | G11: A | H11: 17 | I11: Agricola Mares SA | J11: Claudia | P11: 60-4VO | Q11: Monte Grande | R11: Maria del Rosario | V11: Greenpack
A12: 3-12V | B12: 1 | C12: 46107 | D12: 46098 | E12: NO UE | F12: 0290-003 | G12: A | H12: 12 | I12: Agricola Mares SA | J12: Claudia | P12: 60-5V | Q12: Tajamar | R12: Monte Grande
A13: 3-6VC | B13: 1 | C13: 46107 | D13: 46098 | E13: NO UE | F13: 0290-003 | G13: A | H13: 30 | I13: Agricola Mares SA | J13: Claudia | P13: 60-6VO | Q13: El Molino | R13: Tajamar
A14: 1-6VO | B14: 1 | C14: 46107 | D14: 46097 | E14: NO UE | F14: 0290-003 | G14: A | H14: 32 | I14: Agricola Mares SA | J14: Claudia | P14: 60-7VC | Q14: La Luz | R14: El Molino
A15: 3-10V | B15: 1 | C15: 46107 | D15: 46098 | E15: NO UE | F15: 0290-003 | G15: A | H15: 25 | I15: Agricola Mares SA | J15: Claudia | P15: 60-8V | Q15: El Molino | R15: La Luz
A16: 3-9P | B16: 1 | C16: 46107 | D16: 46098 | E16: NO UE | F16: 0290-003 | G16: A | H16: 4 | I16: Agricola Mares SA | J16: Claudia | P16: 61-1VC | Q16: La Luz
A17: 3-13VO | B17: 1 | C17: 46107 | D17: 46098 | E17: NO UE | F17: 0290-003 | G17: A | H17: 13 | I17: Agricola Mares SA | J17: Claudia | P17: 61-2V
A18: 3-7V | B18: 1 | C18: 46107 | D18: 46098 | E18: NO UE | F18: 0290-003 | G18: A | H18: 30 | I18: Agricola Mares SA | J18: Claudia | P18: 61-3V
A19: 3-11V | B19: 1 | C19: 46107 | D19: 46098 | E19: NO UE | F19: 0290-003 | G19: A | H19: 7 | I19: Agricola Mares SA | J19: Claudia | P19: 61-4VO
A20: 3-5V | B20: 1 | C20: 46107 | D20: 46098 | E20: NO UE | F20: 0290-003 | G20: A | H20: 30 | I20: Agricola Mares SA | J20: Claudia | P20: 61-5V
A21: 3-4V | B21: 1 | C21: 46108 | D21: 46098 | E21: NO UE | F21: 0290-003 | G21: A | H21: 33 | I21: Agricola Mares SA | J21: Claudia | P21: 61-6VO
A22: 3-8VO | B22: 1 | C22: 46108 | D22: 46098 | E22: NO UE | F22: 0290-003 | G22: A | H22: 31 | I22: Agricola Mares SA | J22: Claudia | P22: 62-7VO
A23: 4-7VO | B23: 1 | C23: 46108 | D23: 46098 | E23: NO UE | F23: 0419-006 | G23: A | H23: 15 | I23: Greyco SRL | J23: El Molino | P23: 62-9VC
A24: 4-5VC | B24: 1 | C24: 46108 | D24: 46098 | E24: NO UE | F24: 0419-006 | G24: A | H24: 15 | I24: Greyco SRL | J24: El Molino | P24: 62-10V
A25: 4-1P | B25: 1 | C25: 46108 | D25: 46098 | E25: NO UE | F25: 0419-006 | G25: A | H25: 3 | I25: Greyco SRL | J25: El Molino | P25: 62-11VO
A26: 4-2VC | B26: 1 | C26: 46108 | D26: 46098 | E26: NO UE | F26: 0419-006 | G26: A | H26: 15 | I26: Greyco SRL | J26: El Molino | P26: 62-12VC
A27: 4-6V | B27: 1 | C27: 46108 | D27: 46098 | E27: NO UE | F27: 0419-006 | G27: A | H27: 10 | I27: Greyco SRL | J27: El Molino | P27: 63-1P
A28: 4-3V | B28: 1 | C28: 46108 | D28: 46098 | E28: NO UE | F28: 0419-006 | G28: A | H28: 21 | I28: Greyco SRL | J28: El Molino | P28: 63-2VC
... A35: 5-2VC | B35: 1 | C35: 46108 | D35: 46098 | E35: NO UE | F35: 0136-001 | G35: A | H35: 24 | I35: Vision Empresarial del noroeste S.R.L | J35: Antamapu | P35: 64-5V
A36: 5-3V | B36: 1 | C36: 46108 | D36: 46098 | E36: NO UE | F36: 0136-001 | G36: A | H36: 9 | I36: Vision Empresarial del noroeste S.R.L | J36: Antamapu | O36: =129*370 -> 47730 | P36: 64-6V
A37: 8-4P | B37: 1 | C37: 46108 | D37: 46101 | E37: NO UE | F37: 0136-001 | G37: A | H37: 8 | I37: Vision Empresarial del noroeste S.R.L | J37: Antamapu | P37: 64-7V
A38: 2-5V | B38: 1 | C38: 46108 | D38: 46097 | E38: NO UE | F38: 0136-001 | G38: A | H38: 11 | I38: Vision Empresarial del noroeste S.R.L | J38: Antamapu | P38: 64-8VO
A39: 8-1VC | B39: 1 | C39: 46108 | D39: 46101 | E39: NO UE | F39: 0136-001 | G39: A | H39: 27 | I39: Vision Empresarial del noroeste S.R.L | J39: Antamapu | P39: 64-9V
A40: 8-2V | B40: 1 | C40: 46108 | D40: 46101 | E40: NO UE | F40: 0290-003 | G40: A | H40: 30 | I40: Agricola Mares SA | J40: Claudia | P40: 65-1VC
A41: 6-10V | B41: 1 | C41: 46108 | D41: 46101 | E41: NO UE | F41: 0290-003 | G41: A | H41: 30 | I41: Agricola Mares SA | J41: Claudia | P41: 65-2V
A42: 6-12VC | B42: 1 | C42: 46108 | D42: 46101 | E42: NO UE | F42: 0290-003 | G42: A | H42: 12 | I42: Agricola Mares SA | J42: Claudia | P42: 65-3V
A43: 7-1VC | B43: 1 | C43: 46108 | D43: 46101 | E43: NO UE | F43: 0290-003 | G43: A | H43: 17 | I43: Agricola Mares SA | J43: Claudia | P43: 65-4VO
A44: 6-5V | B44: 1 | C44: 46108 | D44: 46101 | E44: NO UE | F44: 0290-003 | G44: A | H44: 30 | I44: Agricola Mares SA | J44: Claudia | P44: 66-4V
A45: 1-8VO | B45: 1 | C45: 46109 | D45: 46097 | E45: NO UE | F45: 0290-003 | G45: A | H45: 15 | I45: Agricola Mares SA | J45: Claudia | P45: 67-2VC
A46: 10-4V | B46: 1 | C46: 46109 | D46: 46102 | E46: NO UE | F46: 0290-003 | G46: A | H46: 9 | I46: Agricola Mares SA | J46: Claudia | P46: 67-4V
A47: 6-13V | B47: 1 | C47: 46109 | D47: 46101 | E47: NO UE | F47: 0290-003 | G47: A | H47: 9 | I47: Agricola Mares SA | J47: Claudia | P47: 67-5VO
A48: 6-11VO | B48: 1 | C48: 46109 | D48: 46101 | E48: NO UE | F48: 0290-003 | G48: A | H48: 18 | I48: Agricola Mares SA | J48: Claudia | P48: 68-2VC
... A58: 6-4VO | B58: 1 | C58: 46109 | D58: 46101 | E58: NO UE | F58: 0290-003 | G58: A | H58: 29 | I58: Agricola Mares SA | J58: Claudia | P58: 70-4VO
A59: 17-1VC | B59: 1 | P59: 71-2VC
A60: 12-1VC | B60: 1 | P60: 71-3V
A61: 13-3VO | B61: 1 | P61: 71-4V
A62: 6-3V | B62: 1 | C62: 46111 | D62: 46101 | E62: NO UE | F62: 0290-003 | G62: A | H62: 28 | I62: Agricola Mares SA | J62: Claudia | P62: 71-5VO
A63: 17-1V | B63: 1 | C63: 46111 | D63: 46101 | E63: NO UE | F63: 0290-003 | G63: A | H63: 38 | I63: Agricola Mares SA | J63: Claudia | P63: 72-2VC
A64: 6-2VC | B64: 1 | C64: 46111 | D64: 46101 | E64: NO UE | F64: 0290-003 | G64: A | H64: 30 | I64: Agricola Mares SA | J64: Claudia | P64: 72-3V
A65: 13-9V | B65: 1 | C65: 46111 | D65: 46105 | E65: NO UE | F65: 0290-003 | G65: A | H65: 27 | I65: Agricola Mares SA | J65: Claudia | P65: 72-4VO
A66: 11-3VO | B66: 1 | C66: 46111 | D66: 46102 | E66: NO UE | F66: 0268-001 | G66: A | H66: 30 | I66: Greyco SRL | J66: La Luz | P66: 72-5V
A67: 13-6V | B67: 1 | C67: 46111 | D67: 46105 | E67: NO UE | F67: 0290-003 | G67: A | H67: 36 | I67: Agricola Mares SA | J67: Claudia | P67: 73-4V
A68: 11-1VC | B68: 1 | C68: 46111 | D68: 46102 | E68: NO UE | F68: 0268-001 | G68: A | H68: 10 | I68: Greyco SRL | J68: La Luz | P68: 73-6V
A69: 13-8VC | B69: 1 | C69: 46111 | D69: 46105 | E69: NO UE | F69: 0290-003 | G69: A | H69: 11 | I69: Agricola Mares SA | J69: Claudia | P69: 73-7VC
A70: 17-6V | B70: 1 | C70: 46111 | D70: 46106 | E70: NO UE | F70: 0290-003 | G70: A | H70: 2 | I70: Agricola Mares SA | J70: Claudia | P70: 74-2V
A71: 16-1VC | B71: 1 | C71: 46111 | D71: 46105 | E71: NO UE | F71: 0290-003 | G71: A | H71: 9 | I71: Agricola Mares SA | J71: Claudia | P71: 74-3VO
A72: 14-1VC | B72: 1 | C72: 46111 | D72: 46105 | E72: NO UE | F72: 0290-003 | G72: A | H72: 18 | I72: Agricola Mares SA | J72: Claudia | P72: 75-1VC
A73: 10-2V | B73: 1 | C73: 46111 | D73: 46102 | E73: NO UE | F73: 0290-003 | G73: A | H73: 28 | I73: Agricola Mares SA | J73: Claudia | P73: 75-2V
... A180: 28-3VO | B180: 1 | C180: 46119 | D180: 46111 | E180: NO UE | F180: 0268-001 | G180: V | H180: 9 | I180: Greyco | J180: La Luz | P180: 105-2P
A181: 46-4VO | P181: 66-7A
A182: 48-6PC | P182: 66-1A
A183: 47-2V | B183: 1 | C183: 46122 | D183: 46114 | E183: UE | F183: 0793-004 | G183: V | H183: 18 | I183: Fruit Crop | J183: Yaquilo | P183: 95-1A
A184: 47-3VO | B184: 1 | C184: 46122 | D184: 46114 | E184: UE | F184: 0793-004 | G184: VO | H184: 23 | I184: Fruit Crop | J184: Yaquilo
A185: 47-5VO | B185: 1 | C185: 46122 | D185: 46114 | E185: UE | F185: 0793-004 | G185: VO | H185: 42 | I185: Fruit Crop | J185: Yaquilo
A186: 48-7PO | B186: 1 | C186: 46122 | D186: 46116 | E186: UE | F186: 0793-004 | G186: PC | H186: 4 | I186: Fruit Crop | J186: Yaquilo
A187: 48-8VO | B187: 1 | C187: 46122 | D187: 46116 | E187: UE | F187: 0793-004 | G187: VO | H187: 5 | I187: Fruit Crop | J187: Yaquilo
A188: 47-1VC | B188: 1 | C188: 46122 | D188: 46114 | E188: UE | F188: 0793-004 | G188: VC | H188: 14 | I188: Fruit Crop | J188: Yaquilo
A189: 48-1VC | B189: 1 | C189: 46122 | D189: 46116 | E189: UE | F189: 0793-004 | G189: V | H189: 30 | I189: Fruit Crop | J189: Yaquilo
A190: 48-3VO | B190: 1 | C190: 46122 | D190: 46116 | E190: UE | F190: 0793-004 | G190: VO | H190: 33 | I190: Fruit Crop | J190: Yaquilo
A191: 47-4V | B191: 1 | C191: 46122 | D191: 46114 | E191: UE | F191: 0793-004 | G191: V | H191: 29 | I191: Fruit Crop | J191: Yaquilo
A192: 34-4V | B192: 1 | C192: 46122 | D192: 46112 | E192: UE | F192: 0793-002 | G192: V | H192: 30 | I192: Fruit Crop | J192: Yaquilo
A193: 34-2V | B193: 1 | C193: 46122 | D193: 46112 | E193: UE | F193: 0793-002 | G193: V | H193: 29 | I193: Fruit Crop | J193: Yaquilo
A194: 41-3VO | B194: 1 | C194: 46122 | D194: 46113 | E194: UE | F194: 0793-003 | G194: V | H194: 39 | I194: Fruit Crop | J194: Yaquilo
A195: 41-1VC | B195: 1 | C195: 46122 | D195: 46113 | E195: UE | F195: 0793-003 | G195: V | H195: 18 | I195: Fruit Crop | J195: Yaquilo
A196: 30-5VO | B196: 1 | C196: 46122 | D196: 46111 | E196: UE | F196: 0793-001 | G196: V | H196: 3 | I196: Fruit Crop | J196: Yaquilo
A197: 33-3V | P197: 73-1A
A198: 33-4VO | P198: 90-2P
A199: 30-5VO | B199: 1 | C199: 46123 | D199: 46111 | E199: UE | F199: 0793-001 | G199: VO | H199: 21 | I199: Fruit Crop | J199: Yaquilo | P199: 90-1A
A200: 34-7VO | B200: 1 | C200: 46123 | D200: 46112 | E200: UE | F200: 0793-002 | G200: VO | H200: 8 | I200: Fruit Crop | J200: Yaquilo
A201: 41-2V | B201: 1 | C201: 46123 | D201: 46113 | E201: UE | F201: 0793-003 | G201: V | H201: 1 | I201: Fruit Crop | J201: Yaquilo
A202: 46-3V | B202: 1 | C202: 46123 | D202: 46114 | E202: USA | F202: 0290-008 | G202: V | H202: 3 | I202: Agricola Mares | J202: Claudia
A203: 46-4VO | B203: 1 | C203: 46123 | D203: 46114 | E203: USA | F203: 0290-008 | G203: VO | H203: 5 | I203: Agricola Mares | J203: Claudia
A204: 46-1P | B204: 1 | C204: 46123 | D204: 46115 | E204: USA | F204: 0290-008 | G204: PC | H204: 5 | I204: Agricola Mares | J204: Claudia
A205: 46-2VC | B205: 1 | C205: 46123 | D205: 46114 | E205: USA | F205: 0290-008 | G205: VC | H205: 11 | I205: Agricola Mares | J205: Claudia
A206: 37-1PC | B206: 1 | C206: 46123 | D206: 46113 | E206: USA | F206: 0290-003 | G206: PC | H206: 16 | I206: Agricola Mares | J206: Claudia
A207: 37-2VC | B207: 1 | C207: 46123 | D207: 46113 | E207: USA | F207: 0290-003 | G207: VC | H207: 27 | I207: Agricola Mares | J207: Claudia
A208: 36-2VC | B208: 1 | C208: 46123 | D208: 46113 | E208: USA | F208: 0290-003 | G208: V | H208: 3 | I208: Agricola Mares | J208: Claudia
A209: 37-4VO | B209: 1 | C209: 46123 | D209: 46113 | E209: USA | F209: 0290-003 | G209: VO | H209: 7 | I209: Agricola Mares | J209: Claudia
A210: 37-5VC | B210: 1 | C210: 46123 | D210: 46113 | E210: USA | F210: 0290-003 | G210: VC | H210: 6 | I210: Agricola Mares | J210: Claudia
A211: 36-4VO | B211: 1 | C211: 46123 | D211: 46113 | E211: USA | F211: 0290-003 | G211: VO | H211: 6 | I211: Agricola Mares | J211: Claudia
... A274: 53-4VO | B274: 1 | C274: 46126 | D274: 46119 | E274: NO UE | F274: 0669-001 | G274: VO | H274: 2 | I274: Greenpack | J274: Tajamar
A275: 50-1PC
A276: 51-1PC
A277: 38-2VC 1
A278: 50-4V | B278: 1 | C278: 46127 | D278: 46119 | E278: UE | F278: 0793-007 | G278: V | H278: 9 | I278: Fruit Crop | J278: Yaquilo
A279: 49-4VO | B279: 1 | C279: 46127 | D279: 46119 | E279: UE | F279: 0793-008 | G279: VO | H279: 12 | I279: Fruit Crop | J279: Yaquilo
A280: 49-2P | B280: 1 | C280: 46127 | D280: 46119 | E280: UE | F280: 0793-008 | G280: PC | H280: 12 | I280: Fruit Crop | J280: Yaquilo
A281: 49-3VC | B281: 1 | C281: 46127 | D281: 46119 | E281: UE | F281: 0793-008 | G281: VC | H281: 4 | I281: Fruit Crop | J281: Yaquilo
A282: 54-3VC | B282: 1 | C282: 46127 | D282: 46120 | E282: UE | F282: 0793-006 | G282: VC | H282: 24 | I282: Fruit Crop | J282: Yaquilo
A283: 54-9V | B283: 1 | C283: 46127 | D283: 46120 | E283: UE | F283: 0793-006 | G283: V | H283: 24 | I283: Fruit Crop | J283: Yaquilo
...

Sheet EMBALADO
A1: Fecha | B1: TURNO | C1: Nombre | D1: Apellido | E1: 1 | F1: 2 | G1: 3 | H1: 4 | I1: 5 | J1: 6 | K1: 7 | L1: 8 | M1: 9 | N1: 10 | O1: 11 | P1: 12 | Q1: Total | R1: Personal
A2: 46106 | B2: 1 | C2: Javier | D2: Alderetes | G2: 11 | H2: 8 | I2: 11 | J2: 25 | K2: 20 | L2: 32 | Q2: =SUM(E2:P2) -> 107 | R2: Greenpack | T2: Greenpack | V2: Contratista | W2: 1
A3: 46106 | B3: 1 | C3: Nadia | D3: Lucena | G3: 16 | H3: 10 | I3: 11 | J3: 15 | K3: 18 | L3: 24 | Q3: =SUM(E3:P3) -> 94 | R3: Greenpack | W3: 2
A4: 46106 | B4: 1 | C4: Alexis | D4: Ceron | G4: 17 | H4: 13 | I4: 13 | J4: 15 | K4: 18 | L4: 24 | Q4: =SUM(E4:P4) -> 100 | R4: Greenpack
A5: 46106 | B5: 1 | C5: Silvia | D5: Caceres | G5: 15 | H5: 9 | I5: 9 | J5: 17 | K5: 15 | L5: 23 | Q5: =SUM(E5:P5) -> 88 | R5: Greenpack
A6: 46106 | B6: 1 | C6: Marcela | D6: Cortes | G6: 15 | H6: 6 | I6: 7 | J6: 14 | K6: 13 | L6: 19 | Q6: =SUM(E6:P6) -> 74 | R6: Greenpack
A7: 46106 | B7: 1 | C7: Gabriela | D7: Espeche | G7: 14 | H7: 7 | I7: 11 | J7: 25 | K7: 24 | L7: 32 | Q7: =SUM(E7:P7) -> 113 | R7: Greenpack
A8: 46106 | B8: 1 | C8: Nahuel | D8: Gonzalez | G8: 11 | H8: 10 | I8: 13 | J8: 19 | K8: 16 | L8: 24 | Q8: =SUM(E8:P8) -> 93 | R8: Greenpack
A9: 46106 | B9: 1 | C9: Braian | D9: Jaimes | G9: 13 | H9: 11 | I9: 9 | J9: 18 | K9: 18 | L9: 24 | Q9: =SUM(E9:P9) -> 93 | R9: Greenpack
A10: 46106 | B10: 1 | C10: Juan | D10: Salazar | G10: 12 | H10: 11 | I10: 12 | J10: 17 | K10: 18 | L10: 24 | Q10: =SUM(E10:P10) -> 94 | R10: Greenpack
A11: 46106 | B11: 1 | C11: Mauricio | D11: Vera | G11: 16 | H11: 10 | I11: 10 | J11: 20 | K11: 21 | L11: 25 | Q11: =SUM(E11:P11) -> 102 | R11: Greenpack
A12: 46106 | B12: 1 | C12: Gonzalo | D12: Sosa | G12: 18 | H12: 13 | I12: 12 | J12: 18 | K12: 22 | L12: 28 | Q12: =SUM(E12:P12) -> 111 | R12: Greenpack
A13: 46106 | B13: 1 | C13: Felix | D13: Atienzo | G13: 9 | H13: 5 | I13: 8 | J13: 14 | K13: 15 | L13: 21 | Q13: =SUM(E13:P13) -> 72 | R13: Greenpack
A14: 46106 | B14: 1 | C14: Federico | D14: Gonzalez | G14: 10 | H14: 9 | I14: 7 | J14: 15 | K14: 15 | L14: 19 | Q14: =SUM(E14:P14) -> 75 | R14: Greenpack
Q15: =SUM(E15:P15) -> 0
A16: 46106 | B16: 1 | C16: Nancy | D16: Mamana | G16: 15 | H16: 8 | I16: 8 | J16: 16 | K16: 9 | L16: 12 | Q16: =SUM(E16:P16) -> 68 | R16: Contratista
A17: 46106 | B17: 1 | C17: Gladis | D17: Dominguez | G17: 14 | H17: 11 | I17: 12 | J17: 19 | K17: 12 | L17: 17 | Q17: =SUM(E17:P17) -> 85 | R17: Contratista
A18: 46106 | B18: 1 | C18: Franco | D18: Ortiz | G18: 13 | H18: 8 | I18: 10 | J18: 13 | K18: 12 | L18: 19 | Q18: =SUM(E18:P18) -> 75 | R18: Contratista
A19: 46106 | B19: 1 | C19: Rafael | D19: Murru | G19: 14 | H19: 10 | I19: 11 | J19: 18 | K19: 18 | L19: 24 | Q19: =SUM(E19:P19) -> 95 | R19: Contratista
A20: 46106 | B20: 1 | C20: Claudio | D20: Cancino | G20: 12 | H20: 8 | I20: 7 | J20: 13 | K20: 14 | L20: 16 | Q20: =SUM(E20:P20) -> 70 | R20: Contratista
A21: 46106 | B21: 1 | C21: Rosalia | D21: Mendoza | G21: 14 | H21: 8 | I21: 9 | J21: 13 | K21: 9 | L21: 14 | Q21: =SUM(E21:P21) -> 67 | R21: Contratista
A22: 46106 | B22: 1 | C22: Willian | D22: Ibañez | G22: 14 | H22: 11 | I22: 10 | J22: 19 | K22: 16 | L22: 26 | Q22: =SUM(E22:P22) -> 96 | R22: Contratista
A23: 46106 | B23: 1 | C23: Claudia | D23: Portales | G23: 14 | H23: 9 | I23: 9 | J23: 16 | K23: 11 | L23: 18 | Q23: =SUM(E23:P23) -> 77 | R23: Contratista
A24: 46107 | B24: 1 | C24: Javier | D24: Alderetes | E24: 15 | F24: 31 | G24: 31 | H24: 29 | I24: 19 | J24: 28 | K24: 31 | L24: 23 | Q24: =SUM(E24:P24) -> 207 | R24: Greenpack
A25: 46107 | B25: 1 | C25: Nadia | D25: Lucena | E25: 12 | F25: 33 | G25: 27 | H25: 22 | I25: 15 | J25: 23 | K25: 25 | L25: 13 | Q25: =SUM(E25:P25) -> 170 | R25: Greenpack
A26: 46107 | B26: 1 | C26: Alexis | D26: Ceron | E26: 13 | F26: 24 | G26: 24 | H26: 24 | I26: 19 | J26: 22 | K26: 22 | L26: 20 | Q26: =SUM(E26:P26) -> 168 | R26: Greenpack
A27: 46107 | B27: 1 | C27: Marcela | D27: Cortes | E27: 11 | F27: 25 | G27: 22 | H27: 23 | I27: 16 | J27: 17 | K27: 19 | L27: 21 | Q27: =SUM(E27:P27) -> 154 | R27: Greenpack
A28: 46107 | B28: 1 | C28: Gabriela | D28: Espeche | E28: 16 | F28: 32 | G28: 18 | H28: 4 | I28: 20 | J28: 26 | K28: 34 | L28: 23 | Q28: =SUM(E28:P28) -> 173 | R28: Greenpack
A29: 46107 | B29: 1 | C29: Nahuel | D29: Gonzalez | E29: 9 | F29: 19 | G29: 23 | H29: 22 | I29: 17 | J29: 23 | K29: 17 | L29: 20 | Q29: =SUM(E29:P29) -> 150 | R29: Greenpack
A30: 46107 | B30: 1 | C30: Braian | D30: Jaimes | E30: 9 | F30: 23 | G30: 27 | H30: 25 | I30: 19 | J30: 28 | K30: 31 | L30: 22 | Q30: =SUM(E30:P30) -> 184 | R30: Greenpack
A31: 46107 | B31: 1 | C31: Juan | D31: Salazar | E31: 10 | F31: 29 | G31: 20 | H31: 21 | I31: 14 | J31: 19 | K31: 21 | L31: 16 | Q31: =SUM(E31:P31) -> 150 | R31: Greenpack
A32: 46107 | B32: 1 | C32: Mauricio | D32: Vera | E32: 13 | F32: 32 | G32: 29 | H32: 25 | I32: 15 | J32: 23 | K32: 23 | L32: 16 | Q32: =SUM(E32:P32) -> 176 | R32: Greenpack
A33: 46107 | B33: 1 | C33: Gonzalo | D33: Sosa | E33: 15 | F33: 35 | G33: 31 | H33: 25 | I33: 18 | J33: 26 | K33: 32 | L33: 24 | Q33: =SUM(E33:P33) -> 206 | R33: Greenpack
A34: 46107 | B34: 1 | C34: Federico | D34: Gonzalez | E34: 8 | F34: 20 | G34: 17 | H34: 15 | I34: 11 | J34: 13 | K34: 17 | L34: 14 | Q34: =SUM(E34:P34) -> 115 | R34: Greenpack
A35: 46107 | B35: 1 | C35: Silvia | D35: Caceres | E35: 12 | F35: 26 | G35: 25 | H35: 25 | I35: 12 | J35: 25 | K35: 25 | L35: 26 | Q35: =SUM(E35:P35) -> 176 | R35: Greenpack
... A37: 46107 | B37: 1 | C37: Jorgelina | D37: Bazan | E37: 4 | F37: 12 | G37: 14 | H37: 16 | I37: 13 | J37: 15 | K37: 19 | L37: 14 | Q37: =SUM(E37:P37) -> 107 | R37: Contratista
A38: 46107 | B38: 1 | C38: Exequiel | D38: Duran | Q38: =SUM(E38:P38) -> 0 | R38: Contratista
A39: 46107 | B39: 1 | C39: Franco | D39: Ortiz | E39: 10 | F39: 23 | G39: 20 | H39: 20 | I39: 17 | J39: 19 | K39: 22 | L39: 19 | Q39: =SUM(E39:P39) -> 150 | R39: Contratista
A40: 46107 | B40: 1 | C40: Rafael | D40: Murru | E40: 7 | F40: 23 | G40: 23 | H40: 19 | I40: 18 | J40: 19 | K40: 25 | L40: 19 | Q40: =SUM(E40:P40) -> 153 | R40: Contratista
A41: 46107 | B41: 1 | C41: Claudio | D41: Cancino | E41: 10 | F41: 21 | G41: 21 | H41: 20 | I41: 17 | J41: 18 | K41: 23 | L41: 20 | Q41: =SUM(E41:P41) -> 150 | R41: Contratista
A42: 46107 | B42: 1 | C42: Rosalia | D42: Mendoza | E42: 5 | F42: 15 | G42: 18 | H42: 19 | I42: 16 | J42: 21 | K42: 21 | L42: 17 | Q42: =SUM(E42:P42) -> 132 | R42: Contratista
A43: 46107 | B43: 1 | C43: Willian | D43: Ibañez | E43: 12 | F43: 24 | G43: 23 | H43: 21 | I43: 12 | J43: 17 | K43: 23 | L43: 18 | Q43: =SUM(E43:P43) -> 150 | R43: Contratista
A44: 46107 | B44: 1 | C44: Claudia | D44: Portales | E44: 10 | F44: 23 | G44: 20 | H44: 19 | I44: 15 | J44: 19 | K44: 20 | L44: 15 | Q44: =SUM(E44:P44) -> 141 | R44: Contratista
A45: 46107 | B45: 1 | C45: Gladis | D45: Dominguez | E45: 12 | F45: 24 | G45: 23 | H45: 22 | I45: 17 | J45: 18 | K45: 19 | L45: 17 | Q45: =SUM(E45:P45) -> 152 | R45: Contratista
A46: 46108 | B46: 1 | C46: Alexis | D46: Ceron | E46: 15 | F46: 20 | G46: 21 | H46: 12 | I46: 10 | J46: 22 | K46: 26 | L46: 11 | M46: 19 | N46: 24 | O46: 20 | P46: 4 | Q46: =SUM(E46:P46) -> 204 | R46: Greenpack
A47: 46108 | B47: 1 | C47: Braian | D47: Jaimes | E47: 14 | F47: 25 | G47: 13 | H47: 5 | I47: 6 | J47: 30 | K47: 10 | L47: 8 | M47: 22 | N47: 22 | O47: 26 | P47: 21 | Q47: =SUM(E47:P47) -> 202 | R47: Greenpack
A48: 46108 | B48: 1 | C48: Federico | D48: Gonzalez | E48: 9 | F48: 17 | G48: 11 | H48: 5 | I48: 3 | J48: 16 | K48: 18 | L48: 7 | M48: 16 | N48: 16 | O48: 16 | P48: 10 | Q48: =SUM(E48:P48) -> 144 | R48: Greenpack
A49: 46108 | B49: 1 | C49: Felix | D49: Atienzo | E49: 18 | F49: 22 | G49: 20 | H49: 12 | I49: 8 | J49: 20 | K49: 21 | L49: 9 | M49: 21 | N49: 21 | O49: 22 | P49: 14 | Q49: =SUM(E49:P49) -> 208 | R49: Greenpack
A50: 46108 | B50: 1 | C50: Gabriela | D50: Espeche | E50: 19 | F50: 27 | G50: 20 | H50: 9 | I50: 8 | J50: 19 | K50: 28 | L50: 9 | M50: 25 | N50: 32 | O50: 28 | P50: 15 | Q50: =SUM(E50:P50) -> 239 | R50: Greenpack
A51: 46108 | B51: 1 | C51: Gonzalo | D51: Sosa | E51: 15 | F51: 18 | G51: 15 | H51: 6 | I51: 4 | J51: 31 | K51: 32 | L51: 13 | M51: 26 | N51: 28 | O51: 24 | P51: 16 | Q51: =SUM(E51:P51) -> 228 | R51: Greenpack
A52: 46108 | B52: 1 | C52: Javier | D52: Alderetes | E52: 20 | F52: 28 | G52: 16 | H52: 11 | I52: 9 | J52: 24 | K52: 30 | L52: 10 | M52: 29 | N52: 28 | O52: 28 | P52: 17 | Q52: =SUM(E52:P52) -> 250 | R52: Greenpack
A53: 46108 | B53: 1 | C53: Juan | D53: Salazar | E53: 13 | F53: 20 | G53: 16 | H53: 6 | I53: 4 | J53: 22 | K53: 22 | L53: 9 | M53: 19 | N53: 19 | O53: 18 | P53: 10 | Q53: =SUM(E53:P53) -> 178 | R53: Greenpack
A54: 46108 | B54: 1 | C54: Marcela | D54: Cortes | E54: 6 | F54: 12 | G54: 22 | H54: 10 | I54: 8 | J54: 19 | K54: 23 | L54: 9 | M54: 18 | N54: 20 | O54: 16 | P54: 16 | Q54: =SUM(E54:P54) -> 179 | R54: Greenpack
A55: 46108 | B55: 1 | C55: Mauricio | D55: Vera | E55: 12 | F55: 16 | G55: 16 | H55: 6 | I55: 5 | J55: 26 | K55: 30 | L55: 11 | M55: 23 | N55: 23 | O55: 19 | P55: 13 | Q55: =SUM(E55:P55) -> 200 | R55: Greenpack
A56: 46108 | B56: 1 | C56: Nadia | D56: Lucena | E56: 11 | F56: 20 | G56: 14 | H56: 8 | I56: 10 | J56: 27 | K56: 26 | L56: 9 | M56: 22 | N56: 20 | O56: 19 | P56: 16 | Q56: =SUM(E56:P56) -> 202 | R56: Greenpack
A57: 46108 | B57: 1 | C57: Nahuel | D57: Gonzalez | E57: 13 | F57: 22 | G57: 12 | H57: 5 | I57: 5 | J57: 24 | K57: 19 | L57: 10 | M57: 25 | N57: 25 | O57: 25 | P57: 14 | Q57: =SUM(E57:P57) -> 199 | R57: Greenpack
... A66: 46108 | B66: 1 | C66: Gladis | D66: Dominguez | E66: 11 | F66: 19 | G66: 12 | H66: 8 | I66: 7 | J66: 16 | K66: 18 | L66: 6 | M66: 16 | N66: 15 | O66: 17 | P66: 12 | Q66: =SUM(E66:P66) -> 157 | R66: Contratista
A67: 46109 | B67: 1 | C67: Javier | D67: Alderetes | E67: 14 | F67: 16 | G67: 18 | H67: 14 | I67: 24 | J67: 24 | K67: 34 | L67: 18 | Q67: =SUM(E67:P67) -> 162 | R67: Greenpack
A68: 46109 | B68: 1 | C68: Alvaro | D68: Alderetes | E68: 10 | F68: 17 | G68: 11 | H68: 12 | I68: 22 | J68: 28 | K68: 31 | L68: 21 | Q68: =SUM(E68:P68) -> 152 | R68: Greenpack
A69: 46109 | B69: 1 | C69: Felix | D69: Atienzo | E69: 9 | F69: 12 | G69: 10 | H69: 11 | I69: 21 | J69: 21 | K69: 23 | L69: 15 | Q69: =SUM(E69:P69) -> 122 | R69: Greenpack
A70: 46109 | B70: 1 | C70: Silvia | D70: Caceres | E70: 12 | F70: 19 | G70: 19 | H70: 12 | I70: 20 | J70: 24 | K70: 21 | L70: 24 | Q70: =SUM(E70:P70) -> 151 | R70: Greenpack
A71: 46109 | B71: 1 | C71: Marcela | D71: Cortes | E71: 12 | F71: 20 | G71: 18 | H71: 10 | I71: 19 | J71: 21 | K71: 16 | L71: 17 | Q71: =SUM(E71:P71) -> 133 | R71: Greenpack
A72: 46109 | B72: 1 | C72: Gabriela | D72: Espeche | E72: 16 | F72: 15 | G72: 10 | H72: 16 | I72: 27 | J72: 30 | K72: 28 | L72: 22 | Q72: =SUM(E72:P72) -> 164 | R72: Greenpack
A73: 46109 | B73: 1 | C73: Federico | D73: Gonzalez | E73: 10 | F73: 13 | G73: 12 | H73: 5 | I73: 12 | J73: 15 | K73: 19 | L73: 11 | Q73: =SUM(E73:P73) -> 97 | R73: Greenpack
A74: 46109 | B74: 1 | C74: Nahuel | D74: Gonzalez | E74: 13 | F74: 12 | G74: 9 | H74: 6 | I74: 14 | J74: 20 | K74: 25 | L74: 15 | Q74: =SUM(E74:P74) -> 114 | R74: Greenpack
A75: 46109 | B75: 1 | C75: Braian | D75: Jaimes | E75: 17 | F75: 17 | G75: 15 | H75: 9 | I75: 12 | J75: 24 | K75: 22 | L75: 21 | Q75: =SUM(E75:P75) -> 137 | R75: Greenpack
A76: 46109 | B76: 1 | C76: Nadia | D76: Lucena | E76: 13 | F76: 23 | G76: 21 | H76: 7 | I76: 17 | J76: 19 | K76: 26 | L76: 19 | Q76: =SUM(E76:P76) -> 145 | R76: Greenpack
A77: 46109 | B77: 1 | C77: Juan | D77: Salazar | E77: 11 | F77: 13 | G77: 14 | H77: 10 | I77: 18 | J77: 16 | K77: 23 | L77: 13 | Q77: =SUM(E77:P77) -> 118 | R77: Greenpack
A78: 46109 | B78: 1 | C78: Gonzalo | D78: Sosa | E78: 11 | F78: 21 | G78: 24 | H78: 6 | I78: 13 | J78: 25 | K78: 33 | L78: 17 | Q78: =SUM(E78:P78) -> 150 | R78: Greenpack
... A86: 46109 | B86: 1 | C86: Claudia | D86: Portales | E86: 11 | F86: 18 | G86: 18 | H86: 11 | I86: 25 | J86: 23 | K86: 23 | L86: 19 | Q86: =SUM(E86:P86) -> 148 | R86: Contratista
A87: 46111 | B87: 1 | C87: Javier | D87: Alderetes | E87: 13 | F87: 21 | G87: 30 | H87: 22 | I87: 28 | J87: 33 | K87: 24 | L87: 5 | M87: 25 | N87: 23 | O87: 26 | Q87: =SUM(E87:P87) -> 250 | R87: Greenpack
A88: 46111 | B88: 1 | C88: Alvaro | D88: Alderetes | E88: 10 | F88: 17 | G88: 23 | H88: 18 | I88: 27 | J88: 28 | K88: 27 | L88: 5 | M88: 25 | N88: 17 | O88: 21 | Q88: =SUM(E88:P88) -> 218 | R88: Greenpack
A89: 46111 | B89: 1 | C89: Felix | D89: Atienzo | E89: 9 | F89: 13 | G89: 22 | H89: 14 | I89: 12 | Q89: =SUM(E89:P89) -> 70 | R89: Greenpack
A90: 46111 | B90: 1 | C90: Silvia | D90: Caceres | E90: 17 | F90: 21 | G90: 26 | H90: 15 | I90: 20 | J90: 24 | K90: 23 | L90: 9 | M90: 15 | N90: 17 | O90: 22 | Q90: =SUM(E90:P90) -> 209 | R90: Greenpack
A91: 46111 | B91: 1 | C91: Alexis | D91: Ceron | E91: 15 | F91: 20 | G91: 23 | H91: 16 | I91: 17 | J91: 20 | K91: 11 | L91: 4 | M91: 12 | N91: 17 | O91: 17 | Q91: =SUM(E91:P91) -> 172 | R91: Greenpack
A92: 46111 | B92: 1 | C92: Marcela | D92: Cortes | E92: 13 | F92: 19 | G92: 23 | H92: 13 | I92: 18 | J92: 22 | K92: 17 | L92: 4 | M92: 19 | N92: 12 | O92: 20 | Q92: =SUM(E92:P92) -> 180 | R92: Greenpack
A93: 46111 | B93: 1 | C93: Gabriela | D93: Espeche | E93: 11 | F93: 19 | G93: 25 | H93: 21 | I93: 24 | J93: 27 | K93: 24 | L93: 8 | M93: 26 | N93: 21 | O93: 28 | Q93: =SUM(E93:P93) -> 234 | R93: Greenpack
A94: 46111 | B94: 1 | C94: Federico | D94: Gonzalez | E94: 8 | F94: 10 | G94: 13 | H94: 9 | I94: 12 | J94: 12 | K94: 14 | L94: 5 | M94: 14 | N94: 9 | O94: 15 | Q94: =SUM(E94:P94) -> 121 | R94: Greenpack
A95: 46111 | B95: 1 | C95: Nahuel | D95: Gonzalez | E95: 6 | F95: 18 | G95: 16 | H95: 15 | I95: 20 | J95: 23 | K95: 18 | L95: 6 | M95: 25 | N95: 15 | O95: 16 | Q95: =SUM(E95:P95) -> 178 | R95: Greenpack
A96: 46111 | B96: 1 | C96: Braian | D96: Jaimes | E96: 17 | F96: 22 | G96: 25 | H96: 21 | I96: 26 | J96: 26 | K96: 25 | L96: 5 | M96: 26 | N96: 21 | O96: 22 | Q96: =SUM(E96:P96) -> 236 | R96: Greenpack
A97: 46111 | B97: 1 | C97: Nadia | D97: Lucena | E97: 15 | F97: 22 | G97: 25 | H97: 14 | I97: 24 | J97: 16 | K97: 27 | L97: 6 | M97: 18 | N97: 16 | O97: 21 | Q97: =SUM(E97:P97) -> 204 | R97: Greenpack
A98: 46111 | B98: 1 | C98: Juan | D98: Salazar | E98: 10 | F98: 15 | G98: 16 | H98: 12 | I98: 15 | J98: 23 | K98: 20 | L98: 4 | M98: 16 | N98: 17 | O98: 16 | Q98: =SUM(E98:P98) -> 164 | R98: Greenpack
A99: 46111 | B99: 1 | C99: Gonzalo | D99: Sosa | E99: 18 | F99: 25 | G99: 31 | H99: 14 | I99: 24 | J99: 28 | K99: 20 | L99: 3 | M99: 18 | N99: 18 | O99: 24 | Q99: =SUM(E99:P99) -> 223 | R99: Greenpack
A100: 46111 | B100: 1 | C100: Mauricio | D100: Vera | E100: 14 | F100: 21 | G100: 24 | H100: 11 | I100: 18 | J100: 19 | K100: 18 | L100: 2 | M100: 17 | N100: 25 | O100: 31 | Q100: =SUM(E100:P100) -> 200 | R100: Greenpack
A101: 46111 | B101: 1 | C101: Jorgelina | D101: Bazan | Q101: =SUM(E101:P101) -> 0 | R101: Contratista
A102: 46111 | B102: 1 | C102: Claudio | D102: Cancino | E102: 17 | F102: 20 | G102: 24 | H102: 15 | I102: 22 | J102: 24 | K102: 15 | L102: 4 | M102: 16 | N102: 13 | O102: 19 | Q102: =SUM(E102:P102) -> 189 | R102: Contratista
A103: 46111 | B103: 1 | C103: Gladis | D103: Dominguez | E103: 10 | F103: 17 | G103: 20 | H103: 11 | I103: 20 | J103: 22 | K103: 17 | L103: 4 | M103: 18 | N103: 19 | O103: 24 | Q103: =SUM(E103:P103) -> 182 | R103: Contratista
A104: 46111 | B104: 1 | C104: Exequiel | D104: Duran | Q104: =SUM(E104:P104) -> 0 | R104: Contratista
A105: 46111 | B105: 1 | C105: Willian | D105: Iibañez | E105: 13 | F105: 18 | G105: 23 | H105: 12 | I105: 15 | J105: 18 | K105: 17 | L105: 3 | M105: 15 | N105: 22 | O105: 22 | Q105: =SUM(E105:P105) -> 178 | R105: Contratista
A106: 46111 | B106: 1 | C106: Nancy | D106: Mamana | E106: 9 | F106: 17 | G106: 18 | H106: 9 | I106: 15 | J106: 17 | K106: 19 | L106: 5 | M106: 19 | N106: 16 | O106: 24 | Q106: =SUM(E106:P106) -> 168 | R106: Contratista
A107: 46111 | B107: 1 | C107: Rosalia | D107: Mendoza | E107: 12 | F107: 19 | G107: 23 | H107: 15 | I107: 21 | J107: 21 | K107: 18 | L107: 9 | M107: 19 | N107: 18 | O107: 25 | Q107: =SUM(E107:P107) -> 200 | R107: Contratista
A108: 46111 | B108: 1 | C108: Rafael | D108: Murru | E108: 5 | F108: 17 | G108: 11 | H108: 15 | I108: 13 | J108: 23 | K108: 18 | L108: 4 | M108: 18 | N108: 13 | O108: 17 | Q108: =SUM(E108:P108) -> 154 | R108: Contratista
A109: 46111 | B109: 1 | C109: Franco | D109: Ortiz | E109: 10 | F109: 16 | G109: 21 | H109: 15 | I109: 22 | J109: 26 | K109: 21 | L109: 6 | M109: 16 | N109: 17 | O109: 20 | Q109: =SUM(E109:P109) -> 190 | R109: Contratista
A110: 46111 | B110: 1 | C110: Tereza | D110: Araya | J110: 9 | K110: 14 | L110: 5 | M110: 16 | N110: 13 | O110: 21 | Q110: =SUM(E110:P110) -> 78 | R110: Contratista
A111: 46112 | B111: 1 | C111: Javier | D111: Alderetes | E111: 7 | F111: 19 | G111: 16 | H111: 21 | J111: 2 | K111: 21 | L111: 6 | M111: 24 | N111: 24 | Q111: =SUM(E111:P111) -> 140 | R111: Greenpack
A112: 46112 | B112: 1 | C112: Alvaro | D112: Alderetes | E112: 5 | F112: 18 | G112: 14 | H112: 24 | I112: 2 | J112: 4 | K112: 20 | L112: 9 | M112: 23 | N112: 21 | Q112: =SUM(E112:P112) -> 140 | R112: Greenpack
A113: 46112 | B113: 1 | C113: Felix | D113: Atienzo | Q113: =SUM(E113:P113) -> 0 | R113: Greenpack
A114: 46112 | B114: 1 | C114: Silvia | D114: Caceres | E114: 9 | F114: 19 | G114: 11 | H114: 24 | I114: 1 | J114: 4 | K114: 17 | L114: 7 | M114: 23 | N114: 16 | Q114: =SUM(E114:P114) -> 131 | R114: Greenpack
A115: 46112 | B115: 1 | C115: Alexis | D115: Ceron | E115: 10 | F115: 14 | G115: 12 | H115: 21 | I115: 2 | J115: 4 | K115: 17 | L115: 8 | M115: 19 | N115: 17 | Q115: =SUM(E115:P115) -> 124 | R115: Greenpack
A116: 46112 | B116: 1 | C116: Marcela | D116: Cortes | E116: 6 | F116: 17 | G116: 13 | H116: 19 | I116: 2 | J116: 7 | K116: 17 | L116: 7 | M116: 22 | N116: 17 | Q116: =SUM(E116:P116) -> 127 | R116: Greenpack
...

Sheet Hoja1
B1: Nombre | C1: Apellido | D1: 1 | E1: 2 | F1: 3 | G1: 4 | H1: 5 | I1: 6 | J1: 7 | K1: 8 | L1: 9 | M1: 10 | N1: 11 | O1: 12 | P1: Total
B2: Alexis | C2: Ceron | P2: =SUM(D2:O2) -> 0
B3: Braian | C3: Jaimes | P3: =SUM(D3:O3) -> 0
B4: Federico | C4: Gonzalez | P4: =SUM(D4:O4) -> 0
B5: Felix | C5: Atienzo | P5: =SUM(D5:O5) -> 0
B6: Gabriela | C6: Espeche | P6: =SUM(D6:O6) -> 0
B7: Gonzalo | C7: Sosa | P7: =SUM(D7:O7) -> 0
B8: Javier | C8: Alderetes | P8: =SUM(D8:O8) -> 0
B9: Juan | C9: Salazar | P9: =SUM(D9:O9) -> 0
B10: Marcela | C10: Cortes | P10: =SUM(D10:O10) -> 0
B11: Mauricio | C11: Vera | P11: =SUM(D11:O11) -> 0
B12: Nadia | C12: Lucena | P12: =SUM(D12:O12) -> 0
B13: Nahuel | C13: Gonzalez | P13: =SUM(D13:O13) -> 0
B14: Silvia | C14: Caceres | P14: =SUM(D14:O14) -> 0
P15: =SUM(D15:O15) -> 0
P16: =SUM(D16:O16) -> 0
P17: =SUM(D17:O17) -> 0
P18: =SUM(D18:O18) -> 0
P19: =SUM(D19:O19) -> 0
P20: =SUM(D20:O20) -> 0
P21: =SUM(D21:O21) -> 0
P22: =SUM(D22:O22) -> 0
P23: =SUM(D23:O23) -> 0
P24: =SUM(D24:O24) -> 0
P25: =SUM(D25:O25) -> 0
P26: =SUM(D26:O26) -> 0
... P30: =SUM(D30:O30) -> 0

Sheet Planilla
A1: CODIGO | B1: FECHA DE PARTE | C1: FECHA DE COSECHA | D1: CAMARA | E1: FILA | F1: DESTINO | G1: UP | H1: COLOR | I1: CANTIDAD | J1: visual

Sheet RESUMEN
A1: FECHA | B1: 46151 | C1: Pallet * 63 | D1: Pallet *72 | E1: Platto | F1: Pallet *70 | G1: Pallet * 80 | H1: CAJAS 18 KG | I1: CAJAS 15 KG | J1: Confeccion | K1: Cajas | L1: KG | M1: Kg Comercial | N1: Rendimiento Empaque | O1: Rendimiento Comercial %
A2: TURNO | B2: 2 | F2: Piso inicial 15 kg | H2: 0 | J2: 15 kg | K2: =+(F7*70)+(G7*80) -> 0 | L2: =+K2*16 -> 0 | M2: =+K2*15 -> 0
A3: PISO INICIAL | F3: Piso inicial 18 kg | H3: 0 | J3: 18 kg | K3: =+(C7*63)+(D7*72)+(I6+H6)-H3 -> 5000 | L3: =+K3*19 -> 95000 | M3: =+K3*18 -> 90000
A4: PALLET EMBALADORA | C4: 30 | D4: 6 | H4: =(C4*63)+(D4*72)+(F4*70)+(G4*80) -> 2322 | J4: 6 kg | K4: =+E7 -> 0 | L4: =+K4*6.4 -> 0 | M4: =+K4*6 -> 0
A5: PALLET CAJONERA | C5: 29 | D5: 11 | G5: 8 | H5: =+(C5*63)+(D5*72)+(F5*70)+(G5*80) -> 3259 | I5: PISO Embaladora | L5: =+L4+L3+L2 -> 95000 | M5: =SUM(M2:M4) -> 90000 | N5: =+(L5/I12)*100 -> 75.075075 | O5: =+(M5/I12)*100 -> 71.123755
A6: PISO FINAL | F6: Piso Cajonera | H6: 59 | J6: Remontado Embaladora | M6: Rendiento bins | N6: =+((H12-(H13*1.085))/H12)*100 -> 76.523392
A7: TOTALES | C7: =SUM(C2:C6) -> 59 | D7: =SUM(D2:D6) -> 17 | E7: =+E6+E5 -> 0 | F7: =SUM(F2:F6) -> 0 | H7: =+H5+H4+H6 -> 5640 | K7: Rendientos por productor
F8: Pallet total | G8: 84 | K8: Productor | L8: Kg Volcado | M8: Kg Producido | N8: Pisos | O8: Rendimiento comercial
A9: EMBALADORA | H9: =+H4+I6 -> 2322 | K9: Greyco | L9: =+SUMIFS('Produccion por productor'!J:J,'Produccion por productor'!A:A,RESUMEN!$B$1,'Produccion por productor'!B:B,RESUMEN!$B$2,'Produccion por productor'!C:C,RESUMEN!K9) -> 25160 | M9: =+SUMIFS('Produccion por productor'!H:H,'Produccion por productor'!A:A,RESUMEN!$B$1,'Produccion por productor'!B:B,RESUMEN!$B$2,'Produccion por productor'!C:C,RESUMEN!K9) -> 12568.5 | N9: =+SUMIFS('Produccion por productor'!L:L,'Produccion por productor'!A:A,RESUMEN!$B$1,'Produccion por productor'!B:B,RESUMEN!$B$2,'Produccion por productor'!C:C,RESUMEN!K9)-(SUMIFS('Produccion por productor'!K:K,'Produccion por productor'!A:A,RESUMEN!$B$1,'Produccion por productor'!B:B,RESUMEN!$B$2,'Produccion por productor'!C:C,RESUMEN!K9)) -> 360 | O9: =+((M9+N9)/L9)*100 -> 51.385135
A10: FICHAS CONTADAS | H10: =+SUMIFS(EMBALADO!Q:Q,EMBALADO!A:A,RESUMEN!B1,EMBALADO!B:B,RESUMEN!B2) -> 3272 | K10: Greenpack | L10: =+SUMIFS('Produccion por productor'!J:J,'Produccion por productor'!A:A,RESUMEN!$B$1,'Produccion por productor'!B:B,RESUMEN!$B$2,'Produccion por productor'!C:C,RESUMEN!K10) -> 0 | M10: =+SUMIFS('Produccion por productor'!H:H,'Produccion por productor'!A:A,RESUMEN!$B$1,'Produccion por productor'!B:B,RESUMEN!$B$2,'Produccion por productor'!C:C,RESUMEN!K10) -> 0 | N10: =+SUMIFS('Produccion por productor'!L:L,'Produccion por productor'!A:A,RESUMEN!$B$1,'Produccion por productor'!B:B,RESUMEN!$B$2,'Produccion por productor'!C:C,RESUMEN!K10)-(SUMIFS('Produccion por productor'!K:K,'Produccion por productor'!A:A,RESUMEN!$B$1,'Produccion por productor'!B:B,RESUMEN!$B$2,'Produccion por productor'!C:C,RESUMEN!K10)) -> 0 | O10: =+((M10+N10)/L10)*100 -> #DIV/0!
A11: DIFERENCIA | H11: =+H7-H9-H10-L6 -> 46 | I11: KG | K11: Agricola Mares | L11: =+SUMIFS('Produccion por productor'!J:J,'Produccion por productor'!A:A,RESUMEN!$B$1,'Produccion por productor'!B:B,RESUMEN!$B$2,'Produccion por productor'!C:C,RESUMEN!K11) -> 80290 | M11: =+SUMIFS('Produccion por productor'!H:H,'Produccion por productor'!A:A,RESUMEN!$B$1,'Produccion por productor'!B:B,RESUMEN!$B$2,'Produccion por productor'!C:C,RESUMEN!K11) -> 64619.1 | N11: =+SUMIFS('Produccion por productor'!L:L,'Produccion por productor'!A:A,RESUMEN!$B$1,'Produccion por productor'!B:B,RESUMEN!$B$2,'Produccion por productor'!C:C,RESUMEN!K11)-(SUMIFS('Produccion por productor'!K:K,'Produccion por productor'!A:A,RESUMEN!$B$1,'Produccion por productor'!B:B,RESUMEN!$B$2,'Produccion por productor'!C:C,RESUMEN!K11)) -> 0 | O11: =+((M11+N11)/L11)*100 -> 80.482127
A12: BINS VOLCADOS | H12: =+SUMIFS('VOLCADO '!H:H,'VOLCADO '!B:B,RESUMEN!B2,'VOLCADO '!C:C,RESUMEN!B1) -> 342 | I12: =+H12*370 -> 126540 | K12: Fruit Crop | L12: =+SUMIFS('Produccion por productor'!J:J,'Produccion por productor'!A:A,RESUMEN!$B$1,'Produccion por productor'!B:B,RESUMEN!$B$2,'Produccion por productor'!C:C,RESUMEN!K12) -> 0 | M12: =+SUMIFS('Produccion por productor'!H:H,'Produccion por productor'!A:A,RESUMEN!$B$1,'Produccion por productor'!B:B,RESUMEN!$B$2,'Produccion por productor'!C:C,RESUMEN!K12) -> 0 | N12: =+SUMIFS('Produccion por productor'!L:L,'Produccion por productor'!A:A,RESUMEN!$B$1,'Produccion por productor'!B:B,RESUMEN!$B$2,'Produccion por productor'!C:C,RESUMEN!K12)-(SUMIFS('Produccion por productor'!K:K,'Produccion por productor'!A:A,RESUMEN!$B$1,'Produccion por productor'!B:B,RESUMEN!$B$2,'Produccion por productor'!C:C,RESUMEN!K12)) -> 0 | O12: =+((M12+N12)/L12)*100 -> #DIV/0!
A13: DESCARTE | H13: =+SUMIFS(DESCARTES!D:D,DESCARTES!A:A,RESUMEN!B1,DESCARTES!B:B,RESUMEN!B2) -> 74 | I13: =+H13*400 -> 29600 | K13: Vision Empresarial del noroeste S.R.L | L13: =+SUMIFS('Produccion por productor'!J:J,'Produccion por productor'!A:A,RESUMEN!B1,'Produccion por productor'!B:B,RESUMEN!B2,'Produccion por productor'!C:C,RESUMEN!K13) -> 21090 | M13: =+SUMIFS('Produccion por productor'!H:H,'Produccion por productor'!A:A,RESUMEN!$B$1,'Produccion por productor'!B:B,RESUMEN!$B$2,'Produccion por productor'!C:C,RESUMEN!K13) -> 14351.4 | N13: =+SUMIFS('Produccion por productor'!L:L,'Produccion por productor'!A:A,RESUMEN!$B$1,'Produccion por productor'!B:B,RESUMEN!$B$2,'Produccion por productor'!C:C,RESUMEN!K13)-(SUMIFS('Produccion por productor'!K:K,'Produccion por productor'!A:A,RESUMEN!$B$1,'Produccion por productor'!B:B,RESUMEN!$B$2,'Produccion por productor'!C:C,RESUMEN!K13)) -> 585 | O13: =+((M13+N13)/L13)*100 -> 70.822191
A14: COMPLETADO | B14: EMBALADORA | C14: CAJONERA
J15: =40*1.085 -> 43.4
I16: =2762/63 -> 43.84127 | O16: =23850/8 -> 2981.25
O17: =+O16*12 -> 35775
K18: =+H12*370 -> 126540
K19: =55*420 -> 23100
K20: =+K18-K19 -> 103440
K21: =+(K20/K18)*100 -> 81.744903

Sheet Cajas
A1: Fecha | B1: Turno | C1: Cajas 18 KG Cajonera | D1: Cajas 18 KG Embaladora | E1: Cajas 15 KG Cajonera | F1: Cajas 15 KG Embaladora | G1: Platto 6 Kg | H1: total | I1: Horas Trabajadas
A2: 46106 | B2: 1 | C2: 1744 | D2: 720 | H2: =+C2+D2+E2+F2+(G2/2) -> 2464 | I2: 0.33333333
A3: 46107 | B3: 1 | C3: 3264 | D3: 2245 | H3: =+C3+D3+E3+F3+(G3/2) -> 5509 | I3: 0.33333333
A4: 46108 | B4: 1 | C4: 4611 | D4: 1609 | H4: =+C4+D4+E4+F4+(G4/2) -> 6220 | I4: 0.5
A5: 46109 | B5: 1 | C5: 1215 | D5: 1062 | E5: 1440 | F5: 160 | H5: =+C5+D5+E5+F5+(G5/2) -> 3877 | I5: 0.33333333
A6: 46111 | B6: 1 | C6: 2304 | D6: 2079 | E6: 1600 | H6: =+C6+D6+E6+F6+(G6/2) -> 5983 | I6: 0.5
A7: 46112 | B7: 1 | C7: 2415 | D7: 1293 | H7: =+C7+D7+E7+F7+(G7/2) -> 3708 | I7: 0.41666667
A8: 46113 | B8: 1 | C8: 3517 | D8: 1946 | H8: =+C8+D8+E8+F8+(G8/2) -> 5463 | I8: 0.5
A9: 46114 | B9: 1 | C9: 1323 | D9: 1674 | H9: =+C9+D9+E9+F9+(G9/2) -> 2997 | I9: 0.33333333
A10: 46116 | B10: 1 | C10: 1044 | D10: 486 | H10: =+C10+D10+E10+F10+(G10/2) -> 1530 | I10: 0.5
A11: 46118 | B11: 1 | C11: 1755 | D11: 846 | H11: =+C11+D11+E11+F11+(G11/2) -> 2601 | I11: 0.5
A12: 46119 | B12: 1 | C12: 1386 | D12: 2016 | H12: =+C12+D12+E12+F12+(G12/2) -> 3402 | I12: 0.3125
A13: 46120 | B13: 1 | C13: 3384 | D13: 1152 | H13: =+C13+D13+E13+F13+(G13/2) -> 4536 | I13: 0.64583333
A14: 46122 | B14: 1 | C14: 3960 | D14: 1080 | H14: =+C14+D14+E14+F14+(G14/2) -> 5040 | I14: 0.39583333
A15: 38818 | B15: 1 | C15: 2808 | D15: 1224 | H15: =+C15+D15+E15+F15+(G15/2) -> 4032 | I15: 0.33333333
A16: 46125 | B16: 1 | C16: 3096 | D16: 1368 | H16: =+C16+D16+E16+F16+(G16/2) -> 4464 | I16: 0.33333333
A17: 46126 | B17: 1 | C17: 4680 | D17: 792 | H17: =+C17+D17+E17+F17+(G17/2) -> 5472 | I17: 0.5
A18: 46127 | B18: 1 | C18: 4923 | D18: 1269 | H18: =+C18+D18+E18+F18+(G18/2) -> 6192 | I18: 0.5
... A20: 46129 | B20: 1 | C20: 4734 | D20: 2304 | H20: =+C20+D20+E20+F20+(G20/2) -> 7038 | I20: 0.5
A21: 46130 | B21: 1 | C21: 4275 | D21: 2610 | E21: 64 | H21: =+C21+D21+E21+F21+(G21/2) -> 6949 | I21: 0.52083333
A22: 46132 | B22: 1 | C22: 4212 | D22: 2403 | E22: 400 | H22: =+C22+D22+E22+F22+(G22/2) -> 7015 | I22: 0.5
A23: 46133 | B23: 1 | C23: 6591 | D23: 4239 | E23: 480 | H23: =+C23+D23+E23+F23+(G23/2) -> 11310 | I23: 0.5
A24: 46134 | B24: 1 | C24: 3942 | D24: 2061 | E24: 400 | H24: =+C24+D24+E24+F24+(G24/2) -> 6403 | I24: 0.5
A25: 46135 | B25: 1 | C25: 4590 | D25: 2358 | H25: =+C25+D25+E25+F25+(G25/2) -> 6948 | I25: 0.5
A26: 46136 | B26: 1 | C26: 3807 | D26: 2439 | E26: 480 | H26: =+C26+D26+E26+F26+(G26/2) -> 6726 | I26: 0.5
A27: 46137 | B27: 2 | C27: 2538 | D27: 2997 | E27: 1440 | H27: =+C27+D27+E27+F27+(G27/2) -> 6975 | I27: 0.45833333
A28: 46139 | B28: 1 | C28: 4959 | D28: 2835 | H28: =+C28+D28+E28+F28+(G28/2) -> 7794 | I28: 0.5
A29: 46140 | B29: 1 | C29: 4203 | D29: 2826 | E29: 720 | H29: =+C29+D29+E29+F29+(G29/2) -> 7749 | I29: 0.5
A30: 46141 | B30: 1 | C30: 3843 | D30: 2682 | E30: 710 | H30: =+C30+D30+E30+F30+(G30/2) -> 7235 | I30: 0.5
A31: 46142 | B31: 1 | C31: 3402 | D31: 2799 | E31: 1550 | H31: =+C31+D31+E31+F31+(G31/2) -> 7751 | I31: 0.5
A32: 46144 | B32: 1 | C32: 1593 | D32: 3600 | E32: 3320 | H32: =+C32+D32+E32+F32+(G32/2) -> 8513 | I32: 0.5625
A33: 46146 | B33: 1 | C33: 3312 | D33: 1647 | H33: =+C33+D33+E33+F33+(G33/2) -> 4959 | I33: 0.33333333
A34: 46146 | B34: 2 | C34: 3240 | D34: 1935 | E34: 480 | H34: =+C34+D34+E34+F34+(G34/2) -> 5655 | I34: 0.33333333
A35: 46147 | B35: 1 | C35: 3886 | D35: 1260 | H35: =+C35+D35+E35+F35+(G35/2) -> 5146
A36: 46147 | B36: 2 | C36: 3033 | D36: 1332 | E36: 560 | H36: =+C36+D36+E36+F36+(G36/2) -> 4925 | I36: 0.33333333
A37: 46148 | B37: 1 | C37: 2772 | D37: 2493 | E37: 880 | H37: =+C37+D37+E37+F37+(G37/2) -> 6145 | I37: 0.29166667
A38: 46179 | B38: 2 | C38: 2853 | D38: 2052 | E38: 1120 | H38: =+C38+D38+E38+F38+(G38/2) -> 6025 | I38: 0.41666667
A39: 46149 | B39: 1 | C39: 2331 | D39: 2520 | E39: 1360 | H39: =+C39+D39+E39+F39+(G39/2) -> 6211 | I39: 10
A40: 46149 | B40: 2 | C40: 1962 | D40: 1746 | E40: 2160 | H40: =+C40+D40+E40+F40+(G40/2) -> 5868 | I40: 0.41666667
A41: 46150 | B41: 1 | C41: 3141 | D41: 1773 | E41: 640 | H41: =+C41+D41+E41+F41+(G41/2) -> 5554 | I41: 0.41666667
A42: 46150 | B42: 2 | C42: 1386 | D42: 1566 | E42: 2640 | H42: =+C42+D42+E42+F42+(G42/2) -> 5592 | I42: 0.41666667
A43: 46151 | B43: 1 | C43: 2286 | D43: 1755 | E43: 1280 | H43: =+C43+D43+E43+F43+(G43/2) -> 5321 | I43: 0.41666667
A44: 46151 | B44: 2 | C44: 2619 | D44: 2322 | E44: 640 | H44: =+C44+D44+E44+F44+(G44/2) -> 5581 | I44: 0.41666667
H45: =+C45+D45+E45+F45+(G45/2) -> 0
H46: =+C46+D46+E46+F46+(G46/2) -> 0
H47: =+C47+D47+E47+F47+(G47/2) -> 0
H48: =+C48+D48+E48+F48+(G48/2) -> 0
H49: =+C49+D49+E49+F49+(G49/2) -> 0
H50: =+C50+D50+E50+F50+(G50/2) -> 0
H51: =+C51+D51+E51+F51+(G51/2) -> 0
H52: =+C52+D52+E52+F52+(G52/2) -> 0
H53: =+C53+D53+E53+F53+(G53/2) -> 0
H54: =+C54+D54+E54+F54+(G54/2) -> 0
H55: =+C55+D55+E55+F55+(G55/2) -> 0
H56: =+C56+D56+E56+F56+(G56/2) -> 0
... H575: =+C575+D575+E575+F575+(G575/2) -> 0

Sheet DESCARTES
A1: Fecha | B1: Turno | C1: A Mares | D1: Bins | E1: KG | H1: Productor | I1: Kg
A2: 46106 | B2: 1 | C2: A Mares | D2: 24 | E2: =+D2*400 -> 9600 | H2: A Mares | I2: =+SUMIF(C:C,H2:H2,E:E) -> 281200
A3: 46107 | B3: 1 | C3: A Mares | D3: 32 | E3: =+D3*400 -> 12800 | H3: Greyco | I3: =+SUMIF(C:C,H3:H3,E:E) -> 48800
A4: 46108 | B4: 1 | C4: A Mares | D4: 34 | E4: =+D4*400 -> 13600 | H4: Greenpack | I4: =+SUMIF(C:C,H4:H4,E:E) -> 96800
A5: 46108 | B5: 1 | C5: Fruit Crop | D5: 54 | E5: =+D5*400 -> 21600 | H5: Fruit Crop | I5: =+SUMIF(C:C,H5:H5,E:E) -> 263600
A6: 46111 | B6: 1 | C6: A Mares | D6: 49 | E6: =+D6*400 -> 19600 | H6: Vision Empresarial del noroeste S.R.L | I6: =+SUMIF(C:C,H6:H6,E:E) -> 89600
A7: 46111 | B7: 1 | C7: Greyco | D7: 18 | E7: =+D7*400 -> 7200
A8: 46111 | B8: 1 | C8: Greyco | D8: 11 | E8: =+D8*400 -> 4400
A9: 46112 | B9: 1 | C9: A Mares | D9: 14 | E9: =+D9*400 -> 5600
A10: 46113 | B10: 1 | C10: A Mares | D10: 23 | E10: =+D10*400 -> 9200
A11: 46113 | B11: 1 | C11: Greyco | D11: 20 | E11: =+D11*400 -> 8000
A12: 46113 | B12: 1 | C12: Vision Empresarial del noroeste S.R.L | D12: 5 | E12: =+D12*400 -> 2000 | H12: 409
A13: 46114 | B13: 1 | C13: Vision Empresarial del noroeste S.R.L | D13: 30 | E13: =+D13*400 -> 12000 | H13: 83 | J13: =83/409 -> 0.20293399
A14: 46114 | B14: 1 | C14: Greyco | D14: 6 | E14: =+D14*400 -> 2400 | H14: =+(H13/H12)*100 -> 20.293399
A15: 46116 | B15: 1 | C15: Vision Empresarial del noroeste S.R.L | D15: 39 | E15: =+D15*400 -> 15600
A16: 46116 | B16: 1 | C16: Fruit Crop | D16: 10 | E16: =+D16*400 -> 4000
A17: 46118 | B17: 1 | C17: Fruit Crop | D17: 8 | E17: =+D17*400 -> 3200
A18: 46118 | B18: 1 | C18: A Mares | D18: 18 | E18: =+D18*400 -> 7200
A19: 46118 | B19: 1 | C19: Vision Empresarial del noroeste S.R.L | D19: 33 | E19: =+D19*400 -> 13200
A20: 46119 | B20: 1 | C20: A Mares | D20: 34 | E20: =+D20*400 -> 13600
A21: 46119 | B21: 1 | C21: Greyco | D21: 6 | E21: =+D21*400 -> 2400
A22: 46119 | B22: 1 | C22: Greenpack | D22: 4 | E22: =+D22*400 -> 1600
A23: 46119 | B23: 1 | C23: Vision Empresarial del noroeste S.R.L | D23: 6 | E23: =+D23*400 -> 2400
A24: 46120 | B24: 1 | C24: Fruit Crop | D24: 27 | E24: =+D24*400 -> 10800
A25: 46122 | B25: 1 | C25: Fruit Crop | D25: 36 | E25: =+D25*400 -> 14400
A26: 46123 | B26: 1 | C26: Fruit Crop | D26: 3 | E26: =+D26*400 -> 1200
... A110: 46151 | B110: 2 | C110: Greyco | D110: 5 | E110: =+D110*400 -> 2000
E111: =+D111*400 -> 0
E112: =+D112*400 -> 0
E113: =+D113*400 -> 0
E114: =+D114*400 -> 0
E115: =+D115*400 -> 0
E116: =+D116*400 -> 0
E117: =+D117*400 -> 0
E118: =+D118*400 -> 0
E119: =+D119*400 -> 0
E120: =+D120*400 -> 0
E121: =+D121*400 -> 0
E122: =+D122*400 -> 0
... E665: =+D665*400 -> 0

Sheet Pisos
A1: Fecha | B1: Productor | C1: Finca | D1: UP | E1: Cajas 15 KG | F1: CAJAS 18 KG | G1: Turno | H1: KG | I1: Total Cajas | M1: 1
A2: 46105 | B2: Agricola Mares | C2: Claudia | D2: 0290-003 | E2: 1 | H2: =+E2*15+F2*18 -> 15 | I2: =+F2+E2 -> 1 | M2: 2
A3: 46106 | B3: Agricola Mares | C3: Claudia | D3: 0290-003 | E3: 8 | F3: 92 | G3: 1 | H3: =+E3*15+F3*18 -> 1776 | I3: =+F3+E3 -> 100
A4: 46107 | B4: Agricola Mares | C4: Claudia | D4: 0290-003 | E4: 33 | F4: 56 | G4: 1 | H4: =+E4*15+F4*18 -> 1503 | I4: =+F4+E4 -> 89
A5: 46108 | B5: Agricola Mares | C5: Claudia | D5: 0290-003 | F5: 79 | G5: 1 | H5: =+E5*15+F5*18 -> 1422 | I5: =+F5+E5 -> 79
A6: 46108 | B6: Vision Empresarial del noroeste S.R.L | C6: Antamapu | D6: 0136-001 | F6: 19 | G6: 1 | H6: =+E6*15+F6*18 -> 342 | I6: =+F6+E6 -> 19
A7: 46110 | B7: Vision Empresarial del noroeste S.R.L | C7: Antamapu | D7: 0136-001 | E7: 22 | F7: 12 | H7: =+E7*15+F7*18 -> 546 | I7: =+F7+E7 -> 34
A8: 46110 | B8: Agricola Mares SA | C8: Claudia | D8: 0290-003 | F8: 9 | H8: =+E8*15+F8*18 -> 162 | I8: =+F8+E8 -> 9
A9: 46110 | B9: Greyco SRL | C9: El Molino | D9: 0419-006 | F9: 57 | H9: =+E9*15+F9*18 -> 1026 | I9: =+F9+E9 -> 57
A10: 46111 | B10: Greyco SRL | C10: El Molino | D10: 0419-006 | F10: 44 | H10: =+E10*15+F10*18 -> 792 | I10: =+F10+E10 -> 44
A11: 46111 | B11: Agricola Mares SA | C11: Claudia | D11: 0290-003 | F11: 18 | H11: =+E11*15+F11*18 -> 324 | I11: =+F11+E11 -> 18
A12: 46112 | B12: Agricola Mares SA | C12: Claudia | D12: 0290-003 | F12: 64 | H12: =+E12*15+F12*18 -> 1152 | I12: =+F12+E12 -> 64
A13: 46113 | B13: Agricola Mares SA | C13: Claudia | D13: 0290-003 | F13: 18 | H13: =+E13*15+F13*18 -> 324 | I13: =+F13+E13 -> 18
A14: 46113 | B14: Vision Empresarial del noroeste S.R.L | C14: Antamapu | D14: 0136-001 | F14: 40 | H14: =+E14*15+F14*18 -> 720 | I14: =+F14+E14 -> 40
A15: 46114 | B15: Vision Empresarial del noroeste S.R.L | C15: Antamapu | D15: 0136-001 | F15: =134+14 -> 148 | H15: =+E15*15+F15*18 -> 2664 | I15: =+F15+E15 -> 148
A16: 46116 | B16: Fruit Crop | C16: Yaquilo | D16: 0793-001 | F16: 85 | H16: =+E16*15+F16*18 -> 1530 | I16: =+F16+E16 -> 85
A17: 46118 | B17: Greenpack | C17: Claudia | D17: 0290-003 | F17: 64 | G17: 1 | H17: =+E17*15+F17*18 -> 1152 | I17: =+F17+E17 -> 64
A18: 46118 | B18: Vision Empresarial del noroeste S.R.L | C18: Antamapu | D18: 0136-001 | F18: 12 | G18: 1 | H18: =+E18*15+F18*18 -> 216 | I18: =+F18+E18 -> 12
A19: 46119 | B19: Greenpack | C19: Tajamar | D19: 0669-001 | F19: 6 | G19: 1 | H19: =+E19*15+F19*18 -> 108 | I19: =+F19+E19 -> 6
A20: 46119 | B20: Agricola Mares SA | C20: Claudia | D20: 0290-003 | F20: 1 | G20: 1 | H20: =+E20*15+F20*18 -> 18 | I20: =+F20+E20 -> 1
A21: 46119 | B21: Greyco | C21: La Luz | D21: 0268-001 | F21: 3 | G21: 1 | H21: =+E21*15+F21*18 -> 54 | I21: =+F21+E21 -> 3
A22: 46120 | B22: Fruit Crop | C22: Yaquilo | D22: 0793-004 | F22: 63 | G22: 1 | H22: =+E22*15+F22*18 -> 1134 | I22: =+F22+E22 -> 63
A23: 46122 | B23: Fruit Crop | C23: Yaquilo | D23: 0793-003 | F23: 115 | G23: 1 | H23: =+E23*15+F23*18 -> 2070 | I23: =+F23+E23 -> 115
A24: 46123 | B24: GREYCO | C24: La Luz | D24: 0268-001 | F24: 100 | G24: 1 | H24: =+E24*15+F24*18 -> 1800 | I24: =+F24+E24 -> 100
A25: 46125 | B25: GREYCO | C25: La Luz | D25: 0268-001 | F25: 103 | G25: 1 | H25: =+E25*15+F25*18 -> 1854 | I25: =+F25+E25 -> 103
A26: 46125 | B26: Greenpack | C26: Tajamar | D26: 0669-001 | F26: 5 | G26: 1 | H26: =+E26*15+F26*18 -> 90 | I26: =+F26+E26 -> 5
A27: 46125 | B27: Vision Empresarial del noroeste S.R.L | C27: Antamapu | D27: 0136-001 | F27: 5 | G27: 1 | H27: =+E27*15+F27*18 -> 90 | I27: =+F27+E27 -> 5
A28: 46126 | B28: Vision Empresarial del noroeste S.R.L | C28: Antamapu | D28: 0136-001 | F28: 5 | G28: 1 | H28: =+E28*15+F28*18 -> 90 | I28: =+F28+E28 -> 5
... A33: 46127 | B33: Fruit Crop | C33: Yaquilo | D33: 0793-001 | F33: 55 | G33: 1 | H33: =+E33*15+F33*18 -> 990 | I33: =+F33+E33 -> 55
A34: 46128 | B34: Fruit Crop | D34: 0541-001 | F34: 21 | G34: 1 | H34: =+E34*15+F34*18 -> 378 | I34: =+F34+E34 -> 21
A35: 46128 | B35: Agricola Mares SA | C35: Claudia | D35: 0290-003 | F35: 5 | G35: 1 | H35: =+E35*15+F35*18 -> 90 | I35: =+F35+E35 -> 5
A36: 46129 | B36: Greenpack | C36: Tajamar | D36: 0669-001/008 | F36: 69 | G36: 1 | H36: =+E36*15+F36*18 -> 1242 | I36: =+F36+E36 -> 69
A37: 46129 | B37: Fruit Crop | C37: Yaquilo | D37: 0793-001 | F37: 83 | G37: 1 | H37: =+E37*15+F37*18 -> 1494 | I37: =+F37+E37 -> 83
A38: 46129 | B38: Vision Empresarial del noroeste S.R.L | C38: Antamapu | D38: 0136-014 | F38: 18 | G38: 1 | H38: =+E38*15+F38*18 -> 324 | I38: =+F38+E38 -> 18
A39: 46130 | B39: Fruit Crop | C39: Yaquilo | D39: 0793-001 | F39: 115 | G39: 1 | H39: =+E39*15+F39*18 -> 2070 | I39: =+F39+E39 -> 115
A40: 46130 | B40: Greenpack | C40: Tajamar | D40: 0669-001 | E40: 64 | F40: 93 | G40: 1 | H40: =+E40*15+F40*18 -> 2634 | I40: =+F40+E40 -> 157
A41: 46132 | B41: Agricola Mares SA | C41: Claudia | D41: 0290-003 | F41: 60 | G41: 1 | H41: =+E41*15+F41*18 -> 1080 | I41: =+F41+E41 -> 60
A42: 46132 | B42: Greenpack | C42: Tajamar | D42: 0669-001 | E42: 72 | G42: 1 | H42: =+E42*15+F42*18 -> 1080 | I42: =+F42+E42 -> 72
A43: 46132 | B43: Fruit Crop | D43: 0541-001 | F43: 27 | G43: 1 | H43: =+E43*15+F43*18 -> 486 | I43: =+F43+E43 -> 27
A44: 46133 | B44: Agricola Mares SA | C44: Claudia | D44: 0290-003 | E44: 59 | F44: 101 | G44: 1 | H44: =+E44*15+F44*18 -> 2703 | I44: =+F44+E44 -> 160
A45: 46134 | B45: Agricola Mares SA | C45: Claudia | D45: 0290-003 | E45: 97 | F45: 42 | G45: 1 | H45: =+E45*15+F45*18 -> 2211 | I45: =+F45+E45 -> 139
A46: 46135 | B46: Fruit Crop | C46: Yaquilo | D46: 0793-001 | F46: 59 | G46: 1 | H46: =+E46*15+F46*18 -> 1062 | I46: =+F46+E46 -> 59
A47: 46136 | B47: Fruit Crop | C47: Yaquilo | D47: 0793-001 | F47: 4 | G47: 1 | H47: =+E47*15+F47*18 -> 72 | I47: =+F47+E47 -> 4
A48: 46136 | B48: Vision Empresarial del noroeste S.R.L | C48: Antamapu | D48: 0136-014/016 | E48: 58 | F48: 46 | G48: 1 | H48: =+E48*15+F48*18 -> 1698 | I48: =+F48+E48 -> 104
A49: 46136 | B49: Agricola Mares SA | C49: Claudia | D49: 0290-003 | F49: 48 | G49: 1 | H49: =+E49*15+F49*18 -> 864 | I49: =+F49+E49 -> 48
A50: 46136 | B50: Fruit Crop | D50: 0541-001 | F50: 11 | G50: 1 | H50: =+E50*15+F50*18 -> 198 | I50: =+F50+E50 -> 11
A51: 46136 | B51: Greenpack | C51: Tajamar | D51: 0669-006/008 | F51: 17 | G51: 1 | H51: =+E51*15+F51*18 -> 306 | I51: =+F51+E51 -> 17
A52: 46137 | B52: Agricola Mares SA | C52: Claudia | D52: 0290-003 | F52: 63 | G52: 2 | H52: =+E52*15+F52*18 -> 1134 | I52: =+F52+E52 -> 63
A53: 46137 | B53: Greenpack | C53: Tajamar | D53: 0669-006/008 | F53: 203 | G53: 2 | H53: =+E53*15+F53*18 -> 3654 | I53: =+F53+E53 -> 203
A54: 46139 | B54: Agricola Mares SA | C54: Claudia | D54: 0290-003 | F54: 76 | G54: 1 | H54: =+E54*15+F54*18 -> 1368 | I54: =+F54+E54 -> 76
A55: 46140 | B55: Agricola Mares SA | C55: Claudia | D55: 0290-003 | F55: 84 | G55: 1 | H55: =+E55*15+F55*18 -> 1512 | I55: =+F55+E55 -> 84
A56: 46140 | B56: Agricola Mares SA | D56: 0291-014 | F56: 10 | G56: 1 | H56: =+E56*15+F56*18 -> 180 | I56: =+F56+E56 -> 10
A57: 46141 | B57: Fruit Crop | C57: Yaquilo | D57: 0793-002 | E57: 19 | F57: 131 | G57: 1 | H57: =+E57*15+F57*18 -> 2643 | I57: =+F57+E57 -> 150
A58: 46141 | B58: Agricola Mares SA | C58: Claudia | D58: 0290-004 | F58: 61 | G58: 1 | H58: =+E58*15+F58*18 -> 1098 | I58: =+F58+E58 -> 61
A59: 46142 | B59: Fruit Crop | C59: Yaquilo | D59: 0793-002 | F59: 58 | G59: 1 | H59: =+E59*15+F59*18 -> 1044 | I59: =+F59+E59 -> 58
A60: 46142 | B60: Agricola Mares SA | C60: Claudia | D60: 0290-004 | E60: 133 | F60: 46 | G60: 1 | H60: =+E60*15+F60*18 -> 2823 | I60: =+F60+E60 -> 179
A61: 46145 | B61: Agricola Mares SA | C61: Claudia | D61: 0290-004 | E61: 11 | F61: 36 | G61: 1 | H61: =+E61*15+F61*18 -> 813 | I61: =+F61+E61 -> 47
A62: 46145 | B62: Fruit Crop | C62: Yaquilo | D62: 0793-002 | F62: 84 | G62: 1 | H62: =+E62*15+F62*18 -> 1512 | I62: =+F62+E62 -> 84
A63: 46146 | B63: Fruit Crop | C63: Yaquilo | D63: 0793-005 | F63: 178 | G63: 2 | H63: =+E63*15+F63*18 -> 3204 | I63: =+F63+E63 -> 178
A64: 46146 | B64: Agricola Mares SA | C64: Claudia | D64: 0290-004 | E64: 69 | F64: 46 | G64: 2 | H64: =+E64*15+F64*18 -> 1863 | I64: =+F64+E64 -> 115
A65: 46146 | B65: Greenpack | C65: Tajamar | D65: 0669-002 | F65: 72 | G65: 2 | H65: =+E65*15+F65*18 -> 1296 | I65: =+F65+E65 -> 72
A66: 46147 | B66: Greyco | C66: El Molino | D66: 0419-001 | F66: 114 | G66: 2 | H66: =+E66*15+F66*18 -> 2052 | I66: =+F66+E66 -> 114
A67: 46147 | B67: Agricola Mares SA | C67: Claudia | D67: 0290-004 | E67: 46 | F67: 37 | G67: 2 | H67: =+E67*15+F67*18 -> 1356 | I67: =+F67+E67 -> 83
A68: 46148 | B68: Agricola Mares SA | C68: Claudia | D68: 0290-004 | E68: 19 | F68: 22 | G68: 2 | H68: =+E68*15+F68*18 -> 681 | I68: =+F68+E68 -> 41
A69: 46149 | B69: Vision Empresarial del noroeste S.R.L | C69: Antamapu | D69: 0136-023 | E69: 97 | F69: 156 | G69: 2 | H69: =+E69*15+F69*18 -> 4263 | I69: =+F69+E69 -> 253
A70: 46149 | B70: Greenpack | C70: Tajamar | D70: 0669-002 | E70: 19 | F70: 57 | G70: 2 | H70: =+E70*15+F70*18 -> 1311 | I70: =+F70+E70 -> 76
A71: 46150 | B71: Vision Empresarial del noroeste S.R.L | C71: Antamapu | D71: 0136-017 | F71: 28 | G71: 1 | H71: =+E71*15+F71*18 -> 504 | I71: =+F71+E71 -> 28
A72: 46150 | B72: Vision Empresarial del noroeste S.R.L | C72: Antamapu | D72: 0136-017/023 | E72: 68 | F72: 169 | G72: 2 | H72: =+E72*15+F72*18 -> 4062 | I72: =+F72+E72 -> 237
A73: 46150 | B73: Agricola Mares SA | C73: Claudia | D73: 0290-004 | E73: 6 | F73: 9 | G73: 2 | H73: =+E73*15+F73*18 -> 252 | I73: =+F73+E73 -> 15
A74: 46150 | B74: Greenpack | C74: Tajamar | D74: 0669-002 | F74: 23 | G74: 2 | H74: =+E74*15+F74*18 -> 414 | I74: =+F74+E74 -> 23
A75: 46151 | B75: Fruit Crop | C75: Yaquilo | D75: 0793-005 | F75: 9 | G75: 1 | H75: =+E75*15+F75*18 -> 162 | I75: =+F75+E75 -> 9
A76: 46151 | B76: Vision Empresarial del noroeste S.R.L | C76: Antamapu | D76: 0136-021 | E76: 39 | G76: 2 | H76: =+E76*15+F76*18 -> 585 | I76: =+F76+E76 -> 39
A77: 46151 | B77: Greyco | C77: El Molino | D77: 0419-002 | F77: 20 | G77: 2 | H77: =+E77*15+F77*18 -> 360 | I77: =+F77+E77 -> 20
H78: =+E78*15+F78*18 -> 0 | I78: =+F78+E78 -> 0
H79: =+E79*15+F79*18 -> 0 | I79: =+F79+E79 -> 0
H80: =+E80*15+F80*18 -> 0 | I80: =+F80+E80 -> 0
H81: =+E81*15+F81*18 -> 0 | I81: =+F81+E81 -> 0
H82: =+E82*15+F82*18 -> 0 | I82: =+F82+E82 -> 0
H83: =+E83*15+F83*18 -> 0 | I83: =+F83+E83 -> 0
H84: =+E84*15+F84*18 -> 0 | I84: =+F84+E84 -> 0
H85: =+E85*15+F85*18 -> 0 | I85: =+F85+E85 -> 0
H86: =+E86*15+F86*18 -> 0 | I86: =+F86+E86 -> 0
H87: =+E87*15+F87*18 -> 0 | I87: =+F87+E87 -> 0
H88: =+E88*15+F88*18 -> 0 | I88: =+F88+E88 -> 0
H89: =+E89*15+F89*18 -> 0 | I89: =+F89+E89 -> 0
... H518: =+E518*15+F518*18 -> 0 | I518: =+F518+E518 -> 0
A519: 46118

Sheet Produccion por productor
A1: Fecha | B1: Turno | C1: Productor | D1: Up | E1: Finca | F1: Produccion sistema | H1: KG Empaque | I1: KG PISO | J1: Volcado | K1: Piso inicial | L1: Piso Final | M1: Rendimiento Empaque | N1: Rendimiento Comercial
A2: 46106 | B2: 1 | C2: Agricola Mares | D2: 290-003 | E2: Claudia | F2: 48975 | G2: =+F2+I2 -> 48975 | H2: =+(F2*0.05)+F2 -> 51423.75 | J2: 60310 | M2: =+((H2/J2)+I2)*100 -> 85.26571 | N2: =+((F2+I2)/J2)*100 -> 81.205439
A3: 46107 | B3: 1 | C3: Agricola Mares | D3: 290-003 | E3: Claudia | F3: 75945 | G3: =+F3+I3 -> 75945 | H3: =+(F3*0.05)+F3 -> 79742.25 | J3: 97680 | M3: =+((H3+I3)/J3)*100 -> 81.63621 | N3: =+((F3+I3)/J3)*100 -> 77.748771
A4: 46108 | B4: 1 | C4: Agricola Mares | D4: 290-003 | E4: Claudia | F4: 37041 | G4: =+F4+I4 -> 37041 | H4: =+(F4*0.05)+F4 -> 38893.05 | J4: 56610 | M4: =+((H4+I4)/J4)*100 -> 68.703498 | N4: =+((F4+I4)/J4)*100 -> 65.431902
A5: 46108 | B5: 1 | C5: Greyco | D5: 268-001 | E5: El Molino | F5: =18897+1026 -> 19923 | G5: =+F5+I5 -> 20949 | H5: =+(F5*0.05)+F5 -> 20919.15 | I5: 1026 | J5: 35890 | M5: =+((H5+I5)/J5)*100 -> 61.145584 | N5: =+((F5+I5)/J5)*100 -> 58.37002
A6: 46108 | B6: 1 | C6: Vision Empresarial del noroeste S.R.L | D6: 136-001 | E6: Antamapu | F6: 44226 | G6: =+F6+I6 -> 44226 | H6: =+(F6*0.05)+F6 -> 46437.3 | I6: =+L6-K6 -> 0 | J6: 59200 | M6: =+((H6+I6)/J6)*100 -> 78.441385 | N6: =+((F6+I6)/J6)*100 -> 74.706081
A7: 46109 | B7: 1 | C7: Agricola Mares | D7: 290-003 | E7: Claudia | F7: 50643 | G7: =+F7+I7 -> 50805 | H7: =+(F7*0.05)+F7 -> 53175.15 | I7: 162 | J7: 79550 | M7: =+((H7+I7)/J7)*100 -> 67.048586 | N7: =+((F7+I7)/J7)*100 -> 63.865493
A8: 46109 | B8: 1 | C8: Vision Empresarial del noroeste S.R.L | D8: 136-001 | E8: Antamapu | F8: 9645 | G8: =+F8+I8 -> 10191 | H8: =+(F8*0.05)+F8 -> 10127.25 | I8: 546 | J8: 14060 | M8: =+((H8+I8)/J8)*100 -> 75.912162 | N8: =+((F8+I8)/J8)*100 -> 72.482219
A9: 46109 | B9: 1 | C9: Greyco | D9: 268-001 | E9: El Molino | F9: 5607 | G9: =+F9+I9 -> 5607 | H9: =+(F9*0.05)+F9 -> 5887.35 | J9: 6290 | M9: =+((H9+I9)/J9)*100 -> 93.598569 | N9: =+((F9+I9)/J9)*100 -> 89.141494
A10: 46111 | B10: 1 | C10: Agricola Mares | D10: 290-003 | E10: Claudia | F10: 81339 | G10: =+F10+I10 -> 81663 | H10: =+(F10*0.05)+F10 -> 85405.95 | I10: 324 | J10: 112210 | M10: =+((H10+I10)/J10)*100 -> 76.401346 | N10: =+((F10+I10)/J10)*100 -> 72.776936 | O10: 669
A11: 46111 | B11: 1 | C11: Greyco | D11: 0268-/419 | F11: 18306 | G11: =+F11+I11 -> 19098 | H11: =+(F11*0.05)+F11 -> 19221.3 | I11: 792 | J11: 34410 | M11: =+((H11+I11)/J11)*100 -> 58.16129 | N11: =+((F11+I11)/J11)*100 -> 55.501308 | O11: 419
A12: 46112 | B12: 1 | C12: Agricola Mares | D12: 290-003 | E12: Claudia | F12: 62136 | G12: =+F12+I12 -> 62964 | H12: =+(F12*0.05)+F12 -> 65242.8 | I12: =+L12-K12 -> 828 | J12: 82510 | K12: 324 | L12: 1152 | M12: =+((H12+I12)/J12)*100 -> 80.076112 | N12: =+((F12+I12)/J12)*100 -> 76.31075
A13: 46113 | B13: 1 | C13: Greyco | D13: 0268-/419 | F13: 5004 | G13: =+F13+I13 -> 5004 | H13: =+(F13*0.05)+F13 -> 5254.2 | I13: 0 | J13: 18500 | M13: =+((H13+I13)/J13)*100 -> 28.401081 | N13: =+((F13+I13)/J13)*100 -> 27.048649
A14: 46113 | B14: 1 | C14: Vision Empresarial del noroeste S.R.L | F14: 2952 | G14: =+F14+I14 -> 3672 | H14: =+(F14*0.05)+F14 -> 3099.6 | I14: =+L14-K14 -> 720 | J14: 10730 | L14: 720 | M14: =+((H14+I14)/J14)*100 -> 35.59739 | N14: =+((F14+I14)/J14)*100 -> 34.221808
A15: 46113 | B15: 1 | C15: Agricola Mares | D15: 290-003 | E15: Claudia | F15: 85580 | G15: =+F15+I15 -> 84428 | H15: =+(F15*0.05)+F15 -> 89859 | I15: =+L15-K15 -> -1152 | J15: 102860 | K15: 1152 | M15: =+((H15+I15)/J15)*100 -> 86.240521 | N15: =+((F15+I15)/J15)*100 -> 82.080498
A16: 46114 | B16: 1 | C16: Vision Empresarial del noroeste S.R.L | D16: 136-001 | E16: Antamapu | F16: 51156 | G16: =+F16+I16 -> 52758 | H16: =+(F16*0.05)+F16 -> 53713.8 | I16: =+L16-K16 -> 1602 | J16: 72150 | K16: 720 | L16: 2322 | M16: =+((H16+I16)/J16)*100 -> 76.667775 | N16: =+((F16+I16)/J16)*100 -> 73.122661
A17: 46114 | B17: 1 | C17: Greyco | D17: 268-001 | E17: La Luz | F17: 1206 | G17: =+F17+I17 -> 1206 | H17: =+(F17*0.05)+F17 -> 1266.3 | I17: =+L17-K17 -> 0 | J17: 2590 | M17: =+((H17+I17)/J17)*100 -> 48.891892 | N17: =+((F17+I17)/J17)*100 -> 46.563707
A18: 46116 | B18: 1 | C18: Vision Empresarial del noroeste S.R.L | D18: 136-001 | E18: Antamapu | F18: 57528 | G18: =+F18+I18 -> 54864 | H18: =+(F18*0.05)+F18 -> 60404.4 | I18: =+L18-K18 -> -2664 | J18: 83990 | K18: 2664 | M18: =+((H18+I18)/J18)*100 -> 68.746756 | N18: =+((F18+I18)/J18)*100 -> 65.322062
A19: 46116 | B19: 1 | C19: fruit crop sa | D19: 793-001 | E19: Yaquilo | F19: 30978 | G19: =+F19+I19 -> 32508 | H19: =+(F19*0.05)+F19 -> 32526.9 | I19: =+L19-K19 -> 1530 | J19: 42920 | L19: 1530 | M19: =+((H19+I19)/J19)*100 -> 79.34972 | N19: =+((F19+I19)/J19)*100 -> 75.740913
A20: 46118 | B20: 1 | C20: Fruit Crop | D20: 0793-001 | E20: Yaquilo | F20: 19350 | G20: =+F20+I20 -> 17820 | H20: =+(F20*0.05)+F20 -> 20317.5 | I20: =+L20-K20 -> -1530 | J20: 21830 | K20: 1530 | M20: =+((H20+I20)/J20)*100 -> 86.062758 | N20: =+((F20+I20)/J20)*100 -> 81.630783
A21: 46118 | B21: 1 | C21: Agricola Mares | D21: 0290-003 | E21: Claudia | F21: 14778 | G21: =+F21+I21 -> 15930 | H21: =+(F21*0.05)+F21 -> 15516.9 | I21: =+L21-K21 -> 1152 | J21: 25530 | L21: 1152 | M21: =+((H21+I21)/J21)*100 -> 65.291422 | N21: =+((F21+I21)/J21)*100 -> 62.39718
A22: 46118 | B22: 1 | C22: Vision Empresarial del noroeste S.R.L | D22: 0136-001 | E22: Antamapu | F22: 44586 | G22: =+F22+I22 -> 44802 | H22: =+(F22*0.05)+F22 -> 46815.3 | I22: =+L22-K22 -> 216 | J22: 65120 | L22: 216 | M22: =+((H22+I22)/J22)*100 -> 72.222512 | N22: =+((F22+I22)/J22)*100 -> 68.79914
A23: 46119 | B23: 1 | C23: Agricola Mares | D23: 0290-003 | E23: Claudia | F23: 25722 | G23: =+F23+I23 -> 24588 | H23: =+(F23*0.05)+F23 -> 27008.1 | I23: =+L23-K23 -> -1134 | J23: 38110 | K23: 1152 | L23: 18 | M23: =+((H23+I23)/J23)*100 -> 67.893204 | N23: =+((F23+I23)/J23)*100 -> 64.518499
A24: 46119 | B24: 1 | C24: Greyco | D24: 0268-001 | E24: La Luz | F24: 12708 | G24: =+F24+I24 -> 12762 | H24: =+(F24*0.05)+F24 -> 13343.4 | I24: =+L24-K24 -> 54 | J24: 17020 | L24: 54 | M24: =+((H24+I24)/J24)*100 -> 78.715629 | N24: =+((F24+I24)/J24)*100 -> 74.982374
A25: 46119 | B25: 1 | C25: Greenpack | D25: 0669-001 | E25: Tajamar | F25: 9450 | G25: =+F25+I25 -> 9558 | H25: =+(F25*0.05)+F25 -> 9922.5 | I25: =+L25-K25 -> 108 | J25: 13690 | L25: 108 | M25: =+((H25+I25)/J25)*100 -> 73.268809 | N25: =+((F25+I25)/J25)*100 -> 69.817385
A26: 46119 | B26: 1 | C26: Vision Empresarial del noroeste S.R.L | D26: 0136-001 | E26: Antamapu | F26: 11178 | G26: =+F26+I26 -> 10962 | H26: =+(F26*0.05)+F26 -> 11736.9 | I26: =+L26-K26 -> -216 | J26: 18130 | K26: 216 | M26: =+((H26+I26)/J26)*100 -> 63.546056 | N26: =+((F26+I26)/J26)*100 -> 60.46332
A27: 46120 | B27: 1 | C27: Fruit Crop | D27: 0793-001/002/003/004 | E27: Yaquilo | F27: 81648 | G27: =+F27+I27 -> 81648 | H27: =+(F27*0.05)+F27 -> 85730.4 | I27: =+L27-K27 -> 0 | J27: 103230 | M27: =+((H27+I27)/J27)*100 -> 83.047951 | N27: =+((F27+I27)/J27)*100 -> 79.093287
A28: 46122 | B28: 1 | C28: Fruit Crop | D28: 0793-004/002/003/001 | E28: Yaquilo | F28: 89730 | G28: =+F28+I28 -> 90666 | H28: =+(F28*0.05)+F28 -> 94216.5 | I28: =+L28-K28 -> 936 | J28: 117290 | K28: 1134 | L28: 2070 | M28: =+((H28+I28)/J28)*100 -> 81.125842 | N28: =+((F28+I28)/J28)*100 -> 77.300708
A29: 46123 | B29: 1 | C29: Fruit Crop | D29: 0739-001/002/003 | E29: Yaquilo | F29: 8658 | G29: =+F29+I29 -> 6588 | H29: =+(F29*0.05)+F29 -> 9090.9 | I29: =+L29-K29 -> -2070 | J29: 10730 | K29: 2070 | M29: =+((H29+I29)/J29)*100 -> 65.432432 | N29: =+((F29+I29)/J29)*100 -> 61.39795
A30: 46123 | B30: 1 | C30: Agricola Mares | D30: 0290-008/003 | E30: Claudia | F30: 28620 | G30: =+F30+I30 -> 28620 | H30: =+(F30*0.05)+F30 -> 30051 | I30: =+L30-K30 -> 0 | J30: 37370 | M30: =+((H30+I30)/J30)*100 -> 80.414771 | N30: =+((F30+I30)/J30)*100 -> 76.585496
A31: 46123 | B31: 1 | C31: Greenpack | D31: 0669-001/003 | E31: Tajamar | F31: 26388 | G31: =+F31+I31 -> 26388 | H31: =+(F31*0.05)+F31 -> 27707.4 | I31: =+L31-K31 -> 0 | J31: 35500 | M31: =+((H31+I31)/J31)*100 -> 78.049014 | N31: =+((F31+I31)/J31)*100 -> 74.332394
A32: 46123 | B32: 1 | C32: Greyco | D32: 0268-001 | E32: La Luz | F32: 6678 | G32: =+F32+I32 -> 8262 | H32: =+(F32*0.05)+F32 -> 7011.9 | I32: =+L32-K32 -> 1584 | J32: 11100 | L32: 1584 | M32: =+((H32+I32)/J32)*100 -> 77.440541 | N32: =+((F32+I32)/J32)*100 -> 74.432432
A33: 46123 | B33: 1 | C33: Vision Empresarial del noroeste S.R.L | D33: 0136-001 | E33: Antamapu | G33: =+F33+I33 -> 216 | H33: =+(F33*0.05)+F33 -> 0 | I33: =+L33-K33 -> 216 | J33: 740 | L33: 216 | M33: =+((H33+I33)/J33)*100 -> 29.189189 | N33: =+((F33+I33)/J33)*100 -> 29.189189
A34: 46125 | B34: 1 | C34: Fruit Crop | D34: 0793-002/005/004/006/003/007/008 | E34: Yaquilo | F34: 61110 | G34: =+F34+I34 -> 59310 | H34: =+(F34*0.05)+F34 -> 64165.5 | I34: =+L34-K34 -> -1800 | J34: 72890 | K34: 1800 | M34: =+((H34+I34)/J34)*100 -> 85.561119 | N34: =+((F34+I34)/J34)*100 -> 81.369186
A35: 46125 | B35: 1 | C35: Agricola Mares | D35: 0290-003 | E35: Claudia | F35: 720 | G35: =+F35+I35 -> 720 | H35: =+(F35*0.05)+F35 -> 756 | I35: =+L35-K35 -> 0 | J35: 1110 | M35: =+((H35+I35)/J35)*100 -> 68.108108 | N35: =+((F35+I35)/J35)*100 -> 64.864865
A36: 46125 | B36: 1 | C36: Vision Empresarial del noroeste S.R.L | D36: 0136-001 | E36: Antamapu | F36: 15426 | G36: =+F36+I36 -> 15516 | H36: =+(F36*0.05)+F36 -> 16197.3 | I36: =+L36-K36 -> 90 | J36: 17760 | L36: 90 | M36: =+((H36+I36)/J36)*100 -> 91.70777 | N36: =+((F36+I36)/J36)*100 -> 87.364865
A37: 46125 | B37: 1 | C37: Greenpack | D37: 0669-001 | E37: Tajamar | F37: 126 | G37: =+F37+I37 -> 216 | H37: =+(F37*0.05)+F37 -> 132.3 | I37: =+L37-K37 -> 90 | J37: 370 | L37: 90 | M37: =+((H37+I37)/J37)*100 -> 60.081081 | N37: =+((F37+I37)/J37)*100 -> 58.378378
A38: 46125 | B38: 1 | C38: Greyco | D38: 0268-001 | E38: La Luz | F38: 2196 | G38: =+F38+I38 -> 4050 | H38: =+(F38*0.05)+F38 -> 2305.8 | I38: =+L38-K38 -> 1854 | J38: 6290 | L38: 1854 | M38: =+((H38+I38)/J38)*100 -> 66.133545 | N38: =+((F38+I38)/J38)*100 -> 64.387917
A39: 46126 | B39: 1 | C39: Fruit Crop | D39: 0793-002/004/007 | E39: Yaquilo | F39: 41238 | G39: =+F39+I39 -> 41238 | H39: =+(F39*0.05)+F39 -> 43299.9 | I39: =+L39-K39 -> 0 | J39: 49580 | M39: =+((H39+I39)/J39)*100 -> 87.333401 | N39: =+((F39+I39)/J39)*100 -> 83.174667
A40: 46126 | B40: 1 | C40: Agricola Mares | D40: 0290-003 | E40: Claudia | F40: 52848 | G40: =+F40+I40 -> 52848 | H40: =+(F40*0.05)+F40 -> 55490.4 | I40: =+L40-K40 -> 0 | J40: 60680 | M40: =+((H40+I40)/J40)*100 -> 91.447594 | N40: =+((F40+I40)/J40)*100 -> 87.092947
A41: 46126 | B41: 1 | C41: Greenpack | D41: 0669-001 | E41: Tajamar | F41: 2376 | G41: =+F41+I41 -> 2286 | H41: =+(F41*0.05)+F41 -> 2494.8 | I41: =+L41-K41 -> -90 | J41: 3700 | K41: 90 | M41: =+((H41+I41)/J41)*100 -> 64.994595 | N41: =+((F41+I41)/J41)*100 -> 61.783784
A42: 46126 | B42: 1 | C42: Greyco | D42: 0268-001 | E42: La Luz | F42: 576 | G42: =+F42+I42 -> 1404 | H42: =+(F42*0.05)+F42 -> 604.8 | I42: =+L42-K42 -> 828 | J42: 3330 | K42: 1152 | L42: 1980 | M42: =+((H42+I42)/J42)*100 -> 43.027027 | N42: =+((F42+I42)/J42)*100 -> 42.162162 | O42: Cajas en piso del dia anterior
A43: 46127 | B43: 1 | C43: Fruit Crop | D43: 0793-007/008/006 | E43: Yaquilo | F43: 112014 | G43: =+F43+I43 -> 113004 | H43: =+(F43*0.05)+F43 -> 117614.7 | I43: =+L43-K43 -> 990 | J43: 143190 | L43: 990 | M43: =+((H43+I43)/J43)*100 -> 82.830295 | N43: =+((F43+I43)/J43)*100 -> 78.918919
A44: 46128 | B44: 1 | C44: Greenpack | D44: 0669-001 | E44: Tajamar | F44: 44502 | G44: =+F44+I44 -> 42522 | H44: =+(F44*0.05)+F44 -> 46727.1 | I44: =+L44-K44 -> -1980 | J44: 54760 | K44: 1980 | M44: =+((H44+I44)/J44)*100 -> 81.714938 | N44: =+((F44+I44)/J44)*100 -> 77.65157
A45: 46128 | B45: 1 | C45: Fruit Crop | D45: 0541-001 | F45: 14598 | G45: =+F45+I45 -> 14976 | H45: =+(F45*0.05)+F45 -> 15327.9 | I45: =+L45-K45 -> 378 | J45: 20350 | L45: 378 | M45: =+((H45+I45)/J45)*100 -> 77.17887 | N45: =+((F45+I45)/J45)*100 -> 73.592138
A46: 46128 | B46: 1 | C46: Agricola Mares | D46: 0290-003 | E46: Claudia | F46: 1620 | G46: =+F46+I46 -> 1584 | H46: =+(F46*0.05)+F46 -> 1701 | I46: =+L46-K46 -> -36 | J46: 4440 | K46: 126 | L46: 90 | M46: =+((H46+I46)/J46)*100 -> 37.5 | N46: =+((F46+I46)/J46)*100 -> 35.675676
A47: 46129 | B47: 1 | C47: Fruit Crop | D47: 0793-001 | E47: Yaquilo | F47: 106956 | G47: =+F47+I47 -> 108072 | H47: =+(F47*0.05)+F47 -> 112303.8 | I47: =+L47-K47 -> 1116 | J47: 128760 | K47: 378 | L47: 1494 | M47: =+((H47+I47)/J47)*100 -> 88.086207 | N47: =+((F47+I47)/J47)*100 -> 83.932898
A48: 46129 | B48: 1 | C48: Vision Empresarial del noroeste S.R.L | D48: 0136-014/016 | E48: Antamapu | F48: 5688 | G48: =+F48+I48 -> 5688 | H48: =+(F48*0.05)+F48 -> 5972.4 | I48: =+L48-K48 -> 0 | J48: 10730 | M48: =+((H48+I48)/J48)*100 -> 55.660764 | N48: =+((F48+I48)/J48)*100 -> 53.010252
A49: 46129 | B49: 1 | C49: Greenpack | D49: 0669-001/006/008 | E49: Tajamar | F49: 11952 | G49: =+F49+I49 -> 13194 | H49: =+(F49*0.05)+F49 -> 12549.6 | I49: =+L49-K49 -> 1242 | J49: 15170 | L49: 1242 | M49: =+((H49+I49)/J49)*100 -> 90.913645 | N49: =+((F49+I49)/J49)*100 -> 86.974291
A50: 46129 | B50: 1 | C50: Agricola Mares | D50: 0290-003 | E50: Claudia | F50: 1152 | G50: =+F50+I50 -> 1062 | H50: =+(F50*0.05)+F50 -> 1209.6 | I50: =+L50-K50 -> -90 | J50: 2590 | K50: 90 | M50: =+((H50+I50)/J50)*100 -> 43.227799 | N50: =+((F50+I50)/J50)*100 -> 41.003861
A51: 46130 | B51: 1 | C51: Vision Empresarial del noroeste S.R.L | D51: 0136-014/016 | E51: Antamapu | F51: 18594 | G51: =+F51+I51 -> 18270 | H51: =+(F51*0.05)+F51 -> 19523.7 | I51: =+L51-K51 -> -324 | J51: 21460 | K51: 324 | M51: =+((H51+I51)/J51)*100 -> 89.467381 | N51: =+((F51+I51)/J51)*100 -> 85.135135
A52: 46130 | B52: 1 | C52: Fruit Crop | D52: 0793-001 | E52: Yaquilo | F52: 91908 | G52: =+F52+I52 -> 92484 | H52: =+(F52*0.05)+F52 -> 96503.4 | I52: =+L52-K52 -> 576 | J52: 118400 | K52: 1494 | L52: 2070 | M52: =+((H52+I52)/J52)*100 -> 81.992736 | N52: =+((F52+I52)/J52)*100 -> 78.111486
A53: 46130 | B53: 1 | C53: Greenpack | D53: 0669-001/006/005 | E53: Tajamar | F53: 7938 | G53: =+F53+I53 -> 10764 | H53: =+(F53*0.05)+F53 -> 8334.9 | I53: =+L53-K53 -> 2826 | J53: 14800 | L53: 2826 | M53: =+((H53+I53)/J53)*100 -> 75.411486 | N53: =+((F53+I53)/J53)*100 -> 72.72973
A54: 46132 | B54: 1 | C54: Greenpack | D54: 0669-001/005/008/006 | E54: Tajamar | F54: 46263 | G54: =+F54+I54 -> 44277 | H54: =+(F54*0.05)+F54 -> 48576.15 | I54: =+L54-K54 -> -1986 | J54: 64010 | K54: 3066 | L54: 1080 | M54: =+((H54+I54)/J54)*100 -> 72.785737 | N54: =+((F54+I54)/J54)*100 -> 69.172004
A55: 46132 | B55: 1 | C55: Vision Empresarial del noroeste S.R.L | D55: 0136-014/016 | E55: Antamapu | F55: 7044 | G55: =+F55+I55 -> 6846 | H55: =+(F55*0.05)+F55 -> 7396.2 | I55: =+L55-K55 -> -198 | J55: 8510 | K55: 198 | M55: =+((H55+I55)/J55)*100 -> 84.585194 | N55: =+((F55+I55)/J55)*100 -> 80.446533
A56: 46132 | B56: 1 | C56: Fruit Crop | D56: 0793-001/0541-001 | E56: Yaquilo | F56: 3984 | G56: =+F56+I56 -> 4164 | H56: =+(F56*0.05)+F56 -> 4183.2 | I56: =+L56-K56 -> 180 | J56: 7400 | K56: 306 | L56: 486 | M56: =+((H56+I56)/J56)*100 -> 58.962162 | N56: =+((F56+I56)/J56)*100 -> 56.27027
A57: 46132 | B57: 1 | C57: Agricola Mares | D57: 0290-003 | E57: Claudia | F57: 64152 | G57: =+F57+I57 -> 65142 | H57: =+(F57*0.05)+F57 -> 67359.6 | I57: =+L57-K57 -> 990 | J57: 78440 | K57: 90 | L57: 1080 | M57: =+((H57+I57)/J57)*100 -> 87.136155 | N57: =+((F57+I57)/J57)*100 -> 83.046915
A58: 46133 | B58: 1 | C58: Greenpack | D58: 0669-006/005/008 | E58: Tajamar | F58: 32562 | G58: =+F58+I58 -> 31482 | H58: =+(F58*0.05)+F58 -> 34190.1 | I58: =+L58-K58 -> -1080 | J58: 43290 | K58: 1080 | M58: =+((H58+I58)/J58)*100 -> 76.484407 | N58: =+((F58+I58)/J58)*100 -> 72.723493
A59: 46133 | B59: 1 | C59: Agricola Mares | D59: 0290-003 | E59: Claudia | F59: 81066 | G59: =+F59+I59 -> 82689 | H59: =+(F59*0.05)+F59 -> 85119.3 | I59: =+L59-K59 -> 1623 | J59: 103600 | K59: 1080 | L59: 2703 | M59: =+((H59+I59)/J59)*100 -> 83.728089 | N59: =+((F59+I59)/J59)*100 -> 79.815637
A60: 46133 | B60: 1 | C60: Vision Empresarial del noroeste S.R.L | D60: 0136-014 | E60: Antamapu | F60: 640 | G60: =+F60+I60 -> 640 | H60: =+(F60*0.05)+F60 -> 672 | I60: =+L60-K60 -> 0 | J60: 740 | M60: =+((H60+I60)/J60)*100 -> 90.810811 | N60: =+((F60+I60)/J60)*100 -> 86.486486
A61: 46134 | B61: 1 | C61: Fruit Crop | D61: 0793-001 | E61: Yaquilo | F61: 83328 | G61: =+F61+I61 -> 83292 | H61: =+(F61*0.05)+F61 -> 87494.4 | I61: =+L61-K61 -> -36 | J61: 109890 | K61: 954 | L61: 918 | M61: =+((H61+I61)/J61)*100 -> 79.587224 | N61: =+((F61+I61)/J61)*100 -> 75.795796
A62: 46134 | B62: 1 | C62: Agricola Mares | D62: 0290-003 | E62: Claudia | F62: 25395 | G62: =+F62+I62 -> 25788 | H62: =+(F62*0.05)+F62 -> 26664.75 | I62: =+L62-K62 -> 393 | J62: 34410 | K62: 1818 | L62: 2211 | M62: =+((H62+I62)/J62)*100 -> 78.633391 | N62: =+((F62+I62)/J62)*100 -> 74.94333
A63: 46134 | B63: 1 | C63: Vision Empresarial del noroeste S.R.L | D63: 0136-014-016 | E63: Antamapu | F63: 3603 | G63: =+F63+I63 -> 3603 | H63: =+(F63*0.05)+F63 -> 3783.15 | I63: =+L63-K63 -> 0 | J63: 4440 | M63: =+((H63+I63)/J63)*100 -> 85.206081 | N63: =+((F63+I63)/J63)*100 -> 81.148649
A64: 46135 | B64: 1 | C64: Fruit Crop | D64: 0793-001 | E64: Yaquilo | F64: 123066 | G64: =+F64+I64 -> 122094 | H64: =+(F64*0.05)+F64 -> 129219.3 | I64: =+L64-K64 -> -972 | J64: 155030 | K64: 2034 | L64: 1062 | M64: =+((H64+I64)/J64)*100 -> 82.724182 | N64: =+((F64+I64)/J64)*100 -> 78.75508
A65: 46136 | B65: 1 | C65: Vision Empresarial del noroeste S.R.L | D65: 0136-014/016 | E65: Antamapu | F65: 27963 | G65: =+F65+I65 -> 28719 | H65: =+(F65*0.05)+F65 -> 29361.15 | I65: =+L65-K65 -> 756 | J65: 38110 | L65: 756 | M65: =+((H65+I65)/J65)*100 -> 79.026896 | N65: =+((F65+I65)/J65)*100 -> 75.358174
A66: 46136 | B66: 1 | C66: Fruit Crop | D66: 0793-002/0541-001 | E66: Yaquilo | F66: 10998 | G66: =+F66+I66 -> 10206 | H66: =+(F66*0.05)+F66 -> 11547.9 | I66: =+L66-K66 -> -792 | J66: 21830 | K66: 1062 | L66: 270 | M66: =+((H66+I66)/J66)*100 -> 49.271186 | N66: =+((F66+I66)/J66)*100 -> 46.752176
A67: 46136 | B67: 1 | C67: Greenpack | D67: 0669-005/006/008 | E67: Tajamar | F67: 64566 | G67: =+F67+I67 -> 64872 | H67: =+(F67*0.05)+F67 -> 67794.3 | I67: =+L67-K67 -> 306 | J67: 86950 | L67: 306 | M67: =+((H67+I67)/J67)*100 -> 78.321219 | N67: =+((F67+I67)/J67)*100 -> 74.608396
A68: 46136 | B68: 1 | C68: Agricola Mares | D68: 0290-003 | E68: Claudia | F68: 13572 | G68: =+F68+I68 -> 12006 | H68: =+(F68*0.05)+F68 -> 14250.6 | I68: =+L68-K68 -> -1566 | J68: 15910 | K68: 2430 | L68: 864 | M68: =+((H68+I68)/J68)*100 -> 79.727216 | N68: =+((F68+I68)/J68)*100 -> 75.461974
A69: 46137 | B69: 2 | C69: Fruit Crop | D69: 0793-002 | E69: Yaquilo | F69: 51444 | G69: =+F69+I69 -> 51372 | H69: =+(F69*0.05)+F69 -> 54016.2 | I69: =+L69-K69 -> -72 | J69: 59200 | K69: 72 | M69: =+((H69+I69)/J69)*100 -> 91.121959 | N69: =+((F69+I69)/J69)*100 -> 86.777027
A70: 46137 | B70: 2 | C70: Vision Empresarial del noroeste S.R.L | D70: 0136-014/016 | E70: Antamapu | F70: 8340 | G70: =+F70+I70 -> 7884 | H70: =+(F70*0.05)+F70 -> 8757 | I70: =+L70-K70 -> -456 | J70: 9990 | K70: 456 | M70: =+((H70+I70)/J70)*100 -> 83.093093 | N70: =+((F70+I70)/J70)*100 -> 78.918919
A71: 46137 | B71: 2 | C71: Greenpack | D71: 0669-008/006 | E71: Tajamar | F71: 52824 | G71: =+F71+I71 -> 56172 | H71: =+(F71*0.05)+F71 -> 55465.2 | I71: =+L71-K71 -> 3348 | J71: 68080 | K71: 306 | L71: 3654 | M71: =+((H71+I71)/J71)*100 -> 86.388367 | N71: =+((F71+I71)/J71)*100 -> 82.508813
A72: 46139 | B72: 1 | C72: Fruit Crop | D72: 0793-002 | E72: Yaquilo | F72: 47142 | G72: =+F72+I72 -> 45540 | H72: =+(F72*0.05)+F72 -> 49499.1 | I72: =+L72-K72 -> -1602 | J72: 55500 | K72: 1602 | M72: =+((H72+I72)/J72)*100 -> 86.301081 | N72: =+((F72+I72)/J72)*100 -> 82.054054
A73: 46139 | B73: 1 | C73: Agricola Mares | D73: 0290-003 | E73: Claudia | F73: 88776 | G73: =+F73+I73 -> 89730 | H73: =+(F73*0.05)+F73 -> 93214.8 | I73: =+L73-K73 -> 954 | J73: 114700 | K73: 414 | L73: 1368 | M73: =+((H73+I73)/J73)*100 -> 82.100087 | N73: =+((F73+I73)/J73)*100 -> 78.230166
A74: 46140 | B74: 1 | C74: Fruit Crop | D74: 0793-002 | E74: Yaquilo | F74: 35478 | G74: =+F74+I74 -> 35478 | H74: =+(F74*0.05)+F74 -> 37251.9 | I74: =+L74-K74 -> 0 | J74: 41810 | M74: =+((H74+I74)/J74)*100 -> 89.098063 | N74: =+((F74+I74)/J74)*100 -> 84.855298
A75: 46140 | B75: 1 | C75: Agricola Mares | D75: 0290-003 | E75: Claudia | F75: 88614 | G75: =+F75+I75 -> 88038 | H75: =+(F75*0.05)+F75 -> 93044.7 | I75: =+L75-K75 -> -576 | J75: 106560 | K75: 2088 | L75: 1512 | M75: =+((H75+I75)/J75)*100 -> 86.776182 | N75: =+((F75+I75)/J75)*100 -> 82.618243
A76: 46140 | B76: 1 | C76: Agricola Mares | D76: 0291-014 | E76: Maria del Rosario | F76: 10242 | G76: =+F76+I76 -> 10422 | H76: =+(F76*0.05)+F76 -> 10754.1 | I76: =+L76-K76 -> 180 | J76: 14060 | L76: 180 | M76: =+((H76+I76)/J76)*100 -> 77.767425 | N76: =+((F76+I76)/J76)*100 -> 74.125178
A77: 46140 | B77: 1 | C77: Greenpack | D77: 0669-008 | E77: Tajamar | F77: 666 | G77: =+F77+I77 -> 592 | H77: =+(F77*0.05)+F77 -> 699.3 | I77: =+L77-K77 -> -74 | J77: 1110 | K77: =38+36 -> 74 | M77: =+((H77+I77)/J77)*100 -> 56.333333 | N77: =+((F77+I77)/J77)*100 -> 53.333333
A78: 0 | B78: 1 | C78: Fruit Crop | D78: 0793-002 | E78: Yaquilo | F78: 86895 | G78: =+F78+I78 -> 89253 | H78: =+(F78*0.05)+F78 -> 91239.75 | I78: =+L78-K78 -> 2358 | J78: 108780 | L78: 2358 | M78: =+((H78+I78)/J78)*100 -> 86.043161 | N78: =+((F78+I78)/J78)*100 -> 82.04909
A79: 46141 | B79: 1 | C79: Vision Empresarial del noroeste S.R.L | D79: 0136-016 | E79: Antamapu | F79: 1224 | G79: =+F79+I79 -> 1224 | H79: =+(F79*0.05)+F79 -> 1285.2 | I79: =+L79-K79 -> 0 | J79: 1850 | M79: =+((H79+I79)/J79)*100 -> 69.47027 | N79: =+((F79+I79)/J79)*100 -> 66.162162
A80: 46141 | B80: 1 | C80: Greenpack | D80: 0669-006/ | E80: Tajamar | F80: 15189 | G80: =+F80+I80 -> 14127 | H80: =+(F80*0.05)+F80 -> 15948.45 | I80: =+L80-K80 -> -1062 | J80: 17390 | K80: 1062 | M80: =+((H80+I80)/J80)*100 -> 85.603508 | N80: =+((F80+I80)/J80)*100 -> 81.236343
A81: 46141 | B81: 1 | C81: Agricola Mares | D81: 0290-003 | E81: Claudia | F81: 24018 | G81: =+F81+I81 -> 24066 | H81: =+(F81*0.05)+F81 -> 25218.9 | I81: =+L81-K81 -> 48 | J81: 31450 | K81: 1335 | L81: 1383 | M81: =+((H81+I81)/J81)*100 -> 80.339905 | N81: =+((F81+I81)/J81)*100 -> 76.521463
A82: 46142 | B82: 1 | C82: Fruit Crop | D82: 0793-002 | E82: Yaquilo | F82: 50112 | G82: =+F82+I82 -> 48798 | H82: =+(F82*0.05)+F82 -> 52617.6 | I82: =+L82-K82 -> -1314 | J82: 57720 | K82: 2358 | L82: 1044 | M82: =+((H82+I82)/J82)*100 -> 88.883576 | N82: =+((F82+I82)/J82)*100 -> 84.54262
A83: 46142 | B83: 1 | C83: Greenpack | D83: 0669-006/008 | E83: Tajamar | F83: 29595 | G83: =+F83+I83 -> 29595 | H83: =+(F83*0.05)+F83 -> 31074.75 | I83: =+L83-K83 -> 0 | J83: 35150 | M83: =+((H83+I83)/J83)*100 -> 88.406117 | N83: =+((F83+I83)/J83)*100 -> 84.196302
A84: 46142 | B84: 1 | C84: Greyco | D84: 0419-001 | E84: El Molino | F84: 17301 | G84: =+F84+I84 -> 17001 | H84: =+(F84*0.05)+F84 -> 18166.05 | I84: =+L84-K84 -> -300 | J84: 19980 | K84: 300 | M84: =+((H84+I84)/J84)*100 -> 89.41967 | N84: =+((F84+I84)/J84)*100 -> 85.09009
A85: 46142 | B85: 1 | C85: Agricola Mares | D85: 0290-004 | E85: Claudia | F85: 34458 | G85: =+F85+I85 -> 35718 | H85: =+(F85*0.05)+F85 -> 36180.9 | I85: =+L85-K85 -> 1260 | J85: 49580 | K85: 1563 | L85: 2823 | M85: =+((H85+I85)/J85)*100 -> 75.516136 | N85: =+((F85+I85)/J85)*100 -> 72.041146
A86: 46144 | B86: 1 | C86: Greyco | D86: 0419-001/002 | E86: El Molino | F86: 18144 | G86: =+F86+I86 -> 17144 | H86: =+(F86*0.05)+F86 -> 19051.2 | I86: =+L86-K86 -> -1000 | J86: 20720 | K86: 1000 | M86: =+((H86+I86)/J86)*100 -> 87.119691 | N86: =+((F86+I86)/J86)*100 -> 82.741313
A87: 46144 | B87: 1 | C87: Greenpack | D87: 0669-002 | E87: Tajamar | F87: 9513 | G87: =+F87+I87 -> 8289 | H87: =+(F87*0.05)+F87 -> 9988.65 | I87: =+L87-K87 -> -1224 | J87: 11470 | K87: 1224 | M87: =+((H87+I87)/J87)*100 -> 76.413688 | N87: =+((F87+I87)/J87)*100 -> 72.266783
A88: 46144 | B88: 1 | C88: Vision Empresarial del noroeste S.R.L | D88: 0136-014 | E88: Antamapu | F88: 2673 | G88: =+F88+I88 -> 2273 | H88: =+(F88*0.05)+F88 -> 2806.65 | I88: =+L88-K88 -> -400 | J88: 2960 | K88: 400 | M88: =+((H88+I88)/J88)*100 -> 81.305743 | N88: =+((F88+I88)/J88)*100 -> 76.790541
A89: 46144 | B89: 1 | C89: Agricola Mares | D89: 0290-004 | E89: Claudia | F89: 81663 | G89: =+F89+I89 -> 80373 | H89: =+(F89*0.05)+F89 -> 85746.15 | I89: =+L89-K89 -> -1290 | J89: 111370 | K89: 2103 | L89: 813 | M89: =+((H89+I89)/J89)*100 -> 75.833842 | N89: =+((F89+I89)/J89)*100 -> 72.16755
A90: 46144 | B90: 1 | C90: Fruit Crop | D90: 0793-002 | E90: Yaquilo | F90: 27090 | G90: =+F90+I90 -> 27558 | H90: =+(F90*0.05)+F90 -> 28444.5 | I90: =+L90-K90 -> 468 | J90: 34780 | K90: 1044 | L90: 1512 | M90: =+((H90+I90)/J90)*100 -> 83.129672 | N90: =+((F90+I90)/J90)*100 -> 79.235193
A91: 46146 | B91: 1 | C91: Fruit Crop | D91: 0793-003/002 | E91: Yaquilo | F91: 100764 | G91: =+F91+I91 -> 102276 | H91: =+(F91*0.05)+F91 -> 105802.2 | I91: 1512 | J91: 115810 | K91: 1512 | L91: 0 | M91: =+((H91+I91)/J91)*100 -> 92.664019 | N91: =+((F91+I91)/J91)*100 -> 88.313617
A92: 46146 | B92: 2 | C92: Agricola Mares | D92: 0290-004 | E92: Claudia | F92: 21285 | G92: =+F92+I92 -> 21285 | H92: =+(F92*0.05)+F92 -> 22349.25 | J92: 30340 | K92: 1368 | L92: 1053 | M92: =+((H92+I92)/J92)*100 -> 73.662657 | N92: =+((F92+I92)/J92)*100 -> 70.154911
A93: 46146 | B93: 2 | C93: Fruit Crop | D93: 0793-005 | E93: Yaquilo | F93: 40284 | G93: =+F93+I93 -> 40284 | H93: =+(F93*0.05)+F93 -> 42298.2 | J93: 53280 | L93: 3204 | M93: =+((H93+I93)/J93)*100 -> 79.388514 | N93: =+((F93+I93)/J93)*100 -> 75.608108
A94: 46146 | B94: 2 | C94: Greenpack | D94: 0669-002 | E94: Tajamar | F94: 10617 | G94: =+F94+I94 -> 11913 | H94: =+(F94*0.05)+F94 -> 11147.85 | I94: =+L94-K94 -> 1296 | J94: 16650 | L94: 1296 | M94: =+((H94+I94)/J94)*100 -> 74.737838 | N94: =+((F94+I94)/J94)*100 -> 71.54955
A95: 46147 | B95: 1 | C95: Fruit Crop | D95: 0793-005 | E95: Yaquilo | F95: 29160 | G95: =+F95+I95 -> 25956 | H95: =+(F95*0.05)+F95 -> 30618 | I95: =+L95-K95 -> -3204 | J95: 33300 | K95: 3204 | M95: =+((H95+I95)/J95)*100 -> 82.324324 | N95: =+((F95+I95)/J95)*100 -> 77.945946
A96: 46147 | B96: 1 | C96: Agricola Mares | D96: 0290-004 | E96: Claudia | F96: 70326 | G96: =+F96+I96 -> 69498 | H96: =+(F96*0.05)+F96 -> 73842.3 | I96: =+L96-K96 -> -828 | J96: 81400 | K96: 828 | M96: =+((H96+I96)/J96)*100 -> 89.698157 | N96: =+((F96+I96)/J96)*100 -> 85.378378
A97: 46147 | B97: 2 | C97: Agricola Mares | D97: 0290-004 | E97: Claudia | F97: 28215 | G97: =+F97+I97 -> 29571 | H97: =+(F97*0.05)+F97 -> 29625.75 | I97: =+L97-K97 -> 1356 | J97: 45880 | L97: 1356 | M97: =+((H97+I97)/J97)*100 -> 67.52779 | N97: =+((F97+I97)/J97)*100 -> 64.452921
A98: 46147 | B98: 2 | C98: Greenpack | D98: 0669-002 | E98: Tajamar | F98: 33561 | G98: =+F98+I98 -> 33561 | H98: =+(F98*0.05)+F98 -> 35239.05 | I98: =+L98-K98 -> 0 | J98: 44030 | M98: =+((H98+I98)/J98)*100 -> 80.034181 | N98: =+((F98+I98)/J98)*100 -> 76.22303
A99: 46147 | B99: 2 | C99: Greyco | D99: 0419-001 | E99: El Molino | F99: 14736 | G99: =+F99+I99 -> 16788 | H99: =+(F99*0.05)+F99 -> 15472.8 | I99: =+L99-K99 -> 2052 | J99: 20720 | L99: 2052 | M99: =+((H99+I99)/J99)*100 -> 84.579151 | N99: =+((F99+I99)/J99)*100 -> 81.023166
A100: 46148 | B100: 2 | C100: Agricola Mares | D100: 0290-004 | E100: Claudia | F100: 102171 | G100: =+F100+I100 -> 102852 | H100: =+(F100*0.05)+F100 -> 107279.55 | I100: =+L100-K100 -> 681 | J100: 123580 | L100: 681 | M100: =+((H100+I100)/J100)*100 -> 87.360859 | N100: =+((F100+I100)/J100)*100 -> 83.227059
...
